-- scripts/dev/seed-p2.sql
-- GENERATED by scripts/dev/gen-seed.py from
-- scripts/dev/data/tw_food_delivery_mock_data_mvp.json. DO NOT EDIT BY HAND;
-- re-run the generator and commit the result instead.
--
-- Idempotent dev seed: 4 cuisine categories, 10 vendors (with branding),
-- per-store menu sections, 150 menu items + images, and 7 days of meal_supply.
-- Run after migrations. Safe to run multiple times.

BEGIN;

-- ---------------------------------------------------------------------------
-- Authoritative cleanup: remove rows that are NOT in the current catalog.
-- Demo orders (recreated by seed-demo.sql against the new ids) are dropped
-- first so the RESTRICT FK on order_item.menu_item_id does not block the
-- removal of the old 12 menu items. order_item / order_state_event cascade
-- via ON DELETE CASCADE on order_id.
-- ---------------------------------------------------------------------------
DELETE FROM "order" WHERE id IN (
  'd0000000-0000-0000-0000-000000000001',
  'd0000000-0000-0000-0000-000000000002',
  'd0000000-0000-0000-0000-000000000003'
);

-- Drop menu items not in the new 150-item catalog (cascades menu_item_image,
-- meal_supply, employee_favorite). Safe once the demo orders above are gone.
DELETE FROM menu_item WHERE id NOT IN (
  '4f26e612-b35f-5500-8f2a-63eded235675',
  '66fc0909-6f31-57fd-90e0-97da3b574b73',
  '2adf060e-5263-5ffe-ad6b-518339ffa080',
  '79c78af9-6eef-574a-a4c4-89762e80836d',
  '2219396d-c2f8-5917-944f-f8fdef476822',
  'f1419a41-fce5-5da9-8371-19d139851cfd',
  '0a1b226e-70c7-5fe5-a7bf-6854ecaca427',
  'aa8a0dad-25a3-5b3e-a5b9-81660c7fddbf',
  '08ac9403-0f86-5c8e-8e0c-9e451edf4c37',
  '46507e93-30fd-521c-8795-0b68988dde65',
  '83e8c14e-31bb-5047-9135-4d38b8f9c8e6',
  '9e593f4c-4664-5465-aa9e-1b7dee26edd1',
  '398f47cb-d265-5f04-9644-77a1e9195473',
  'f8e1005f-477f-5524-a85d-6748936ece6a',
  '2732a4ea-21b3-5608-bfa2-5f1e871ee103',
  '79722223-aa4b-5236-9964-9fcf0071c6ce',
  '6723c5ee-99b4-554f-9637-7dc71554d6f3',
  'fe647660-c69a-5d4a-a4d9-cceebd93e14a',
  '9ed2fae9-48d8-5257-a26b-f1a95dba7f53',
  'db14e607-c6e0-57fa-b77f-1b2fb3eab181',
  '0e60192a-c9cc-5674-a70a-5b10eeb4b294',
  '3dfb71fa-a95e-5707-9409-04edb3ec5414',
  '56b5a662-6dc9-5ef1-97af-57cf0bd1242a',
  '06d66907-d981-5145-8e52-638f77656d04',
  '50992dc1-8d2c-5cd4-80d9-7531031a693d',
  '2341386b-4231-5526-825e-2b713fc9eeb8',
  'e13e0f8c-cd04-58e1-a234-bf5170a78601',
  '630f1ca0-b852-5f6c-b7a0-5dff8aabe416',
  'a6fd6179-5603-5434-bd2a-5118aba36a27',
  '5aa0e32f-7a3e-514c-98d4-5b2d9c5e63a5',
  'aeeb4dd3-c1c9-511e-a90d-31a06b4ee2ae',
  'e3f917be-c37c-5023-b478-17fa0fd2126a',
  '88ae058b-8401-51a9-a288-7ba458713b8b',
  '65071741-64ba-5a31-be6f-6e24f5e3a911',
  'e9fe376a-4063-5633-9c89-acf4296dd3fa',
  '69b6d4dc-6d32-59d9-9ee6-6489a21047ee',
  '887b65f7-196d-5328-be2e-acc5d3371cae',
  'da345759-4694-5c81-b611-b0fbf75dd64e',
  'cb27e48d-657e-527b-8336-b21d3442b8d9',
  'e1139ccd-edd8-5721-8366-174fba934e76',
  '1adcf6bd-81cf-5483-b2a2-731ba1d261b5',
  '2cb19f64-55bc-5b0b-a4b2-838ffafeecd2',
  'd62c49ba-c1e9-57e5-a366-44bda4e6c7a0',
  '0653061e-ff9c-57ea-8ba7-e3e9244e9c46',
  '9295865d-fc98-5a4b-af6e-d7fab9ca4465',
  '75d6f27f-cbbb-50e8-bae1-828f4da0def0',
  'df3e86df-d080-55fb-ba47-bc6ba9394d91',
  '98e5390a-c659-5734-bb32-184105cef7af',
  '638fc0fc-2c77-5132-b835-c3e7edc9bc95',
  '7d93c7e7-6f80-505d-b982-2e895f5fb38f',
  '58ea39f8-5cb8-559b-8289-051ac7ab6077',
  'e3ee3638-8772-5196-8edd-fe1f19290171',
  '94d102b9-5597-5487-87f2-66d0eec616a6',
  'ecb5475d-cf81-5c30-9f6b-dfd1ff9f20bf',
  'a7dceb37-a940-5c07-bc92-e6242b63d3cf',
  '06942c34-9e0a-5b77-b661-179eced1a442',
  'c0670367-9a10-5933-bce1-da9325a75387',
  '2eb4e103-d987-5a7c-9359-d04ad87127a5',
  '36285141-cd75-513a-887f-df4b177b8ac2',
  '9c6b0529-64fb-534d-a584-79a77af5cdf2',
  '65fb52e2-fbff-5ac5-aa17-c6d3ae6ebf8c',
  '40e29852-896b-5f6f-9075-d14f4ad84754',
  '4d9e8110-877c-5a2a-8c38-c33033ac8db8',
  '8b940bf5-db8e-5389-a368-6b3fced51457',
  'cc61b456-9154-55da-967b-0d60827ee730',
  '3df0c2d3-6858-58a3-bbc3-3ffd1443e3b1',
  '276c842c-c999-5a63-8f54-b65b8452c793',
  'e3583f1b-8589-5f95-9cf9-af26a479ae23',
  '5d979d76-bad7-5bb9-bff0-50418480be22',
  '0241f671-c3b7-58ff-83b9-a6ec86b7c0f7',
  '29cc4eac-a8ed-59b0-8476-938fdd46eca0',
  'fe5daca9-1db1-5c86-9221-2ff4dd9b4a38',
  '6f338bf4-49c1-5a5e-b617-c26233d5d413',
  '41ab3b9d-ddb3-5695-876b-16e9ea37144a',
  '1443d775-1ff0-5e8c-a696-9164414ef723',
  '36937842-6bd7-5bbc-b875-c784b8664535',
  '889c1452-ee71-556f-adcc-d9192e2d9f15',
  '59816514-02bf-551e-bc76-861f612cb330',
  '8df18218-a78f-580b-bec1-d2a072fc9eee',
  '8e9f8dcd-73e5-59ad-9d0f-6f2886cba3a0',
  'b6e9c182-b594-5112-98b9-e6bf7bcb0d16',
  'da857569-7564-54e0-869f-3de869b0c545',
  '97d139f3-154f-59a0-b527-2212d7144ca7',
  '919b53f4-607c-5312-8b50-54b675019816',
  '88868984-0e45-5d51-bb8c-517f9f5b85c2',
  '61393e4e-9ef0-5869-addf-cb4ea1c1222a',
  '194438d6-9515-50fc-866c-2e8012953879',
  'a2b80e94-e08a-588b-9b1e-2be2bcd03187',
  '6cec39ca-2f9e-518f-9dd8-be897ef47321',
  '57072476-b117-5995-99b7-f13ed9ac5fa9',
  '30788987-2010-5d5e-b6c3-8db4937829f4',
  '57f6a4ec-9189-5ee8-8a09-c3cd18e36818',
  '3de03889-ac00-535a-a857-1b800e683709',
  'eac0c57b-71c2-57dd-800b-1fcab93ec0ad',
  'a60d9377-9935-56b2-a73f-a1b4d0db655f',
  '3f7e30e1-6ceb-51df-b12c-2851ec1cef13',
  '37c32135-f10e-596a-8c81-f9df1b8ff98a',
  '527e0b18-84f2-5488-9d5b-0da70b2696c3',
  '47238334-0298-5f7f-b16e-8430fb285913',
  'd41a7a0e-ca93-58a4-8a4c-93dabac63399',
  '4134295d-bc53-59e6-8974-a0ee77d3caa4',
  '8e031beb-9aee-5eaa-9a10-3b49cc7b1403',
  '600664cc-d7d2-5e7f-8849-a54da8f53005',
  'aadbeb9e-a595-5946-bc83-e42a21ea403a',
  '68537934-848b-5626-b247-6352501ef165',
  'a02c1bb9-08f5-5c5d-aebc-ba744250c960',
  'f3d0db57-773a-53b4-a81b-d1e6fec4e335',
  '2a2e1345-941b-52db-953e-55a0d7d1662d',
  '217885f7-47a0-5201-8e5c-6667111be2c2',
  '96332c4c-15ed-53c5-a793-6d4f12cc93a5',
  '891b009c-acec-5d76-a71e-e1bd5950cd67',
  '7d69a998-b39c-5601-a97a-a23ec6d59169',
  '2d33e227-9b71-5f04-be85-c2a991e7cd25',
  '91390bec-860e-5c19-8713-40d761b1cf15',
  '3b720670-9de1-583c-9f8f-45e99a0e69c0',
  '19397dcc-6ca4-5602-a6b0-9660bc4f5a2c',
  'f66bbc1f-4886-5e2c-8431-afb8a66442d2',
  '401d6c4a-ee16-50d2-ab47-095f9a271cca',
  '6fc5fd6f-fc75-5d44-ad9c-ca994aaaf10d',
  '47bb7bd9-cf9f-57dd-b14b-f78c759ab9bf',
  'e230df1e-b843-5cc2-9ef4-3f3c1ddb9a87',
  '2c8b0fae-87d2-5901-b02c-0129b75b533e',
  'a056a9a0-5ef4-50af-b81a-2b889a2e612e',
  '7ec61477-2ba6-5919-8d16-fcbdc02c3115',
  'a0d7a6c5-6fa3-5ef4-855d-28f3cb46666a',
  '62607c75-efb6-5160-a2ad-477ce1f3226c',
  '28698f6c-76d1-59b4-b18c-ed441a5e0123',
  '767279ec-8b6e-57a3-868e-d765352e1b71',
  'bce73860-b502-52eb-8fb6-490d68ff2cf1',
  'cad567f3-50ac-57ef-b904-26214b87e769',
  '6e9ca93d-292d-57f2-98da-ff369462fe5c',
  'cc790a45-74d8-529b-8228-5de59e27750f',
  'e1bbb32f-7d23-5d9b-b57a-fac9ce4a7dfb',
  'd1b7f70d-1652-552d-874c-fd1fd4cec10a',
  'd21d970f-c2a5-5172-8e7c-94b648d6dccb',
  '45830778-2a15-553a-ac48-4d45b0afe925',
  '8eccd188-f379-5bed-aaf8-42811ec827d4',
  'dd46ad23-1d39-5828-837b-9e7e672aa63a',
  '83a887c4-4866-5105-a78d-d32e1b45e22d',
  'fb953514-d615-5869-a19e-91f028a25f3c',
  'c49c6710-c9ec-5819-b15f-6bb0a0e650b6',
  'ddb4fff7-5e36-5795-b7e2-d6f4f27a29aa',
  '6f817366-a59d-56c2-a29b-fbc73954786a',
  'ac28cf30-c2f0-5ca4-bec0-fc038d76816f',
  '5cc8e637-68a8-5921-ad30-6c11b201e5a5',
  '504ab7ab-f565-5f5d-abf5-74c43e42cdde',
  '5590e6ec-832d-5798-8893-9eebdfa91773',
  '5552867e-051f-5d69-90b4-2598d02d720a',
  '7baa7cbf-dd89-5f0e-8e0c-4087f2705143',
  '7590929d-4486-500e-80e9-3b80c77a2643'
);

-- Drop any vendor not in r001-r010 (cascades its menu_category,
-- vendor_plant_mapping, vendor_operator_account). None expected today, but
-- keeps the seed authoritative if future runs change the vendor set.
DELETE FROM vendor WHERE id NOT IN (
  'a1111111-1111-1111-1111-111111111111',
  'a2222222-2222-2222-2222-222222222222',
  'a3333333-3333-3333-3333-333333333333',
  'a4444444-4444-4444-4444-444444444444',
  'a5555555-5555-5555-5555-555555555555',
  'a6666666-6666-6666-6666-666666666666',
  'a7777777-7777-7777-7777-777777777777',
  'a8888888-8888-8888-8888-888888888888',
  'a9999999-9999-9999-9999-999999999999',
  'aaaaaaaa-aaaa-aaaa-aaaa-aaaaaaaaaaaa'
);

-- Drop plant mappings / operator accounts that no longer match the catalog.
DELETE FROM vendor_plant_mapping WHERE plant NOT IN ('tn-a', 'tn-b', 'tn-c', 'tn-d');

-- Global cuisine categories (4).
INSERT INTO cuisine_category (id, name, short_name, description, icon, banner_uri, sort_order)
VALUES
  ('cat-taiwanese', '台式／中式', '台式', '便當、滷肉飯、麵飯、小吃、滷味，對應台灣外送最常見的正餐情境。', 'rice-bowl', '__ASSET_BASE__/brand/categories/taiwanese.jpg', 1),
  ('cat-breakfast', '早餐／早午餐', '早餐', '豆漿、蛋餅、吐司、漢堡、沙拉與早午餐盤。', 'sunrise', '__ASSET_BASE__/brand/categories/breakfast.jpg', 2),
  ('cat-drinks-desserts', '飲料／甜點', '飲料甜點', '手搖飲、果茶、咖啡、豆花、鬆餅與下午茶甜點。', 'cup-straw', '__ASSET_BASE__/brand/categories/drinks-desserts.jpg', 3),
  ('cat-global-western', '日韓／西式', '異國西式', '拉麵、丼飯、韓式拌飯、炸雞、漢堡、披薩與義大利麵。', 'globe-2', '__ASSET_BASE__/brand/categories/global-western.jpg', 4)
ON CONFLICT (id) DO NOTHING;

-- Vendors (10). r001-r003 keep the UUIDs used by existing e2e/demo fixtures.
INSERT INTO vendor (id, display_name, legal_name, contact_email, status, approved_at,
                    cuisine_category_id, cover_image_uri, logo_uri, rating, rating_count, price_level)
VALUES
  ('a1111111-1111-1111-1111-111111111111', '阿城炙燒便當', '阿城炙燒便當有限公司', 'r001@tbite.test', 'approved', now(), 'cat-taiwanese', '__ASSET_BASE__/brand/stores/r001-cover.jpg', '__ASSET_BASE__/brand/logos/r001.png', 4.8, 1280, '$'),
  ('a2222222-2222-2222-2222-222222222222', '巷口滷肉飯研究室', '巷口滷肉飯研究室有限公司', 'r002@tbite.test', 'approved', now(), 'cat-taiwanese', '__ASSET_BASE__/brand/stores/r002-cover.jpg', '__ASSET_BASE__/brand/logos/r002.png', 4.7, 890, '$'),
  ('a3333333-3333-3333-3333-333333333333', '永春豆漿早餐鋪', '永春豆漿早餐鋪有限公司', 'r003@tbite.test', 'approved', now(), 'cat-breakfast', '__ASSET_BASE__/brand/stores/r003-cover.jpg', '__ASSET_BASE__/brand/logos/r003.png', 4.6, 640, '$'),
  ('a4444444-4444-4444-4444-444444444444', '晨光吐司研究所', '晨光吐司研究所有限公司', 'r004@tbite.test', 'approved', now(), 'cat-breakfast', '__ASSET_BASE__/brand/stores/r004-cover.jpg', '__ASSET_BASE__/brand/logos/r004.png', 4.7, 730, '$$'),
  ('a5555555-5555-5555-5555-555555555555', '茶里王手作茶飲', '茶里王手作茶飲有限公司', 'r005@tbite.test', 'approved', now(), 'cat-drinks-desserts', '__ASSET_BASE__/brand/stores/r005-cover.jpg', '__ASSET_BASE__/brand/logos/r005.png', 4.9, 1520, '$'),
  ('a6666666-6666-6666-6666-666666666666', '島嶼豆花甜品', '島嶼豆花甜品有限公司', 'r006@tbite.test', 'approved', now(), 'cat-drinks-desserts', '__ASSET_BASE__/brand/stores/r006-cover.jpg', '__ASSET_BASE__/brand/logos/r006.png', 4.8, 980, '$'),
  ('a7777777-7777-7777-7777-777777777777', '東京一番拉麵屋', '東京一番拉麵屋有限公司', 'r007@tbite.test', 'approved', now(), 'cat-global-western', '__ASSET_BASE__/brand/stores/r007-cover.jpg', '__ASSET_BASE__/brand/logos/r007.png', 4.7, 1110, '$$'),
  ('a8888888-8888-8888-8888-888888888888', '首爾拌飯與炸雞', '首爾拌飯與炸雞有限公司', 'r008@tbite.test', 'approved', now(), 'cat-global-western', '__ASSET_BASE__/brand/stores/r008-cover.jpg', '__ASSET_BASE__/brand/logos/r008.png', 4.6, 760, '$$'),
  ('a9999999-9999-9999-9999-999999999999', '美式街角漢堡', '美式街角漢堡有限公司', 'r009@tbite.test', 'approved', now(), 'cat-global-western', '__ASSET_BASE__/brand/stores/r009-cover.jpg', '__ASSET_BASE__/brand/logos/r009.png', 4.5, 690, '$$'),
  ('aaaaaaaa-aaaa-aaaa-aaaa-aaaaaaaaaaaa', '巷弄披薩義麵館', '巷弄披薩義麵館有限公司', 'r010@tbite.test', 'approved', now(), 'cat-global-western', '__ASSET_BASE__/brand/stores/r010-cover.jpg', '__ASSET_BASE__/brand/logos/r010.png', 4.6, 820, '$$')
ON CONFLICT (id) DO UPDATE SET
  display_name        = EXCLUDED.display_name,
  legal_name          = EXCLUDED.legal_name,
  contact_email       = EXCLUDED.contact_email,
  status              = EXCLUDED.status,
  approved_at         = EXCLUDED.approved_at,
  cuisine_category_id = EXCLUDED.cuisine_category_id,
  cover_image_uri     = EXCLUDED.cover_image_uri,
  logo_uri            = EXCLUDED.logo_uri,
  rating              = EXCLUDED.rating,
  rating_count        = EXCLUDED.rating_count,
  price_level         = EXCLUDED.price_level,
  updated_at          = now();

-- Plant registry: pickup locations the 福委會 admin maintains.
INSERT INTO plant (code, label, address, sort_order) VALUES
  ('tn-a', '台南廠 A 區', '台南市新市區南科三路 1 號 A 棟 1F', 1),
  ('tn-b', '台南廠 B 區', '台南市新市區南科三路 1 號 B 棟 1F', 2),
  ('tn-c', '台南廠 C 區', '台南市善化區南科二路 12 號 C 棟 1F', 3),
  ('tn-d', '台南廠 D 區', '台南市善化區南科二路 12 號 D 棟 1F', 4)
ON CONFLICT (code) DO NOTHING;

-- Plant mappings: every vendor serves all four plants (tn-a..tn-d).
INSERT INTO vendor_plant_mapping (vendor_id, plant) VALUES
  ('a1111111-1111-1111-1111-111111111111', 'tn-a'),
  ('a1111111-1111-1111-1111-111111111111', 'tn-b'),
  ('a1111111-1111-1111-1111-111111111111', 'tn-c'),
  ('a1111111-1111-1111-1111-111111111111', 'tn-d'),
  ('a2222222-2222-2222-2222-222222222222', 'tn-a'),
  ('a2222222-2222-2222-2222-222222222222', 'tn-b'),
  ('a2222222-2222-2222-2222-222222222222', 'tn-c'),
  ('a2222222-2222-2222-2222-222222222222', 'tn-d'),
  ('a3333333-3333-3333-3333-333333333333', 'tn-a'),
  ('a3333333-3333-3333-3333-333333333333', 'tn-b'),
  ('a3333333-3333-3333-3333-333333333333', 'tn-c'),
  ('a3333333-3333-3333-3333-333333333333', 'tn-d'),
  ('a4444444-4444-4444-4444-444444444444', 'tn-a'),
  ('a4444444-4444-4444-4444-444444444444', 'tn-b'),
  ('a4444444-4444-4444-4444-444444444444', 'tn-c'),
  ('a4444444-4444-4444-4444-444444444444', 'tn-d'),
  ('a5555555-5555-5555-5555-555555555555', 'tn-a'),
  ('a5555555-5555-5555-5555-555555555555', 'tn-b'),
  ('a5555555-5555-5555-5555-555555555555', 'tn-c'),
  ('a5555555-5555-5555-5555-555555555555', 'tn-d'),
  ('a6666666-6666-6666-6666-666666666666', 'tn-a'),
  ('a6666666-6666-6666-6666-666666666666', 'tn-b'),
  ('a6666666-6666-6666-6666-666666666666', 'tn-c'),
  ('a6666666-6666-6666-6666-666666666666', 'tn-d'),
  ('a7777777-7777-7777-7777-777777777777', 'tn-a'),
  ('a7777777-7777-7777-7777-777777777777', 'tn-b'),
  ('a7777777-7777-7777-7777-777777777777', 'tn-c'),
  ('a7777777-7777-7777-7777-777777777777', 'tn-d'),
  ('a8888888-8888-8888-8888-888888888888', 'tn-a'),
  ('a8888888-8888-8888-8888-888888888888', 'tn-b'),
  ('a8888888-8888-8888-8888-888888888888', 'tn-c'),
  ('a8888888-8888-8888-8888-888888888888', 'tn-d'),
  ('a9999999-9999-9999-9999-999999999999', 'tn-a'),
  ('a9999999-9999-9999-9999-999999999999', 'tn-b'),
  ('a9999999-9999-9999-9999-999999999999', 'tn-c'),
  ('a9999999-9999-9999-9999-999999999999', 'tn-d'),
  ('aaaaaaaa-aaaa-aaaa-aaaa-aaaaaaaaaaaa', 'tn-a'),
  ('aaaaaaaa-aaaa-aaaa-aaaa-aaaaaaaaaaaa', 'tn-b'),
  ('aaaaaaaa-aaaa-aaaa-aaaa-aaaaaaaaaaaa', 'tn-c'),
  ('aaaaaaaa-aaaa-aaaa-aaaa-aaaaaaaaaaaa', 'tn-d')
ON CONFLICT (vendor_id, plant) DO NOTHING;

-- Per-store menu sections (menu_category).
INSERT INTO menu_category (id, vendor_id, name, sort_order) VALUES
  ('05bddcea-01a5-5dbb-af2c-38f5edc4ea0b', 'a1111111-1111-1111-1111-111111111111', '人氣精選', 0),
  ('e6a29e1f-dbf7-5ae2-ac7f-13abf72f6263', 'a1111111-1111-1111-1111-111111111111', '招牌便當', 1),
  ('97f285c8-4a75-5b27-8424-90859ee9b71b', 'a1111111-1111-1111-1111-111111111111', '單點主菜', 2),
  ('13114b35-7ec7-58c9-a3ce-d11ffdf33e6a', 'a1111111-1111-1111-1111-111111111111', '湯品小菜', 3),
  ('694862a5-b094-5f37-9f4b-9d7f169c564d', 'a2222222-2222-2222-2222-222222222222', '人氣精選', 0),
  ('a5018b24-ce73-5dbb-9477-ad3b38a18a60', 'a2222222-2222-2222-2222-222222222222', '飯類', 1),
  ('584f7b65-8d00-527d-9e46-90c3102afefc', 'a2222222-2222-2222-2222-222222222222', '麵湯', 2),
  ('baef8de2-d4c4-5336-ba8d-9371ccd6fd7f', 'a2222222-2222-2222-2222-222222222222', '小菜', 3),
  ('8351a7a8-3373-55ed-aa33-cc5e2701b62b', 'a3333333-3333-3333-3333-333333333333', '人氣精選', 0),
  ('c1ff29f9-7872-58cc-a28a-0b836333fe09', 'a3333333-3333-3333-3333-333333333333', '蛋餅燒餅', 1),
  ('bffe217f-dcd5-58f6-8490-85392e26e5d4', 'a3333333-3333-3333-3333-333333333333', '飯糰饅頭', 2),
  ('d8c53fef-c4b0-5cee-8529-2dff604ec2e4', 'a3333333-3333-3333-3333-333333333333', '飲品', 3),
  ('77f618c1-9bd1-5fd3-a29d-bb150939676d', 'a4444444-4444-4444-4444-444444444444', '人氣精選', 0),
  ('33574c57-59ae-53fa-9a61-c02f52e475dd', 'a4444444-4444-4444-4444-444444444444', '厚吐司', 1),
  ('34cf219d-6acb-5aa8-bb6a-2bfe7a149896', 'a4444444-4444-4444-4444-444444444444', '早午餐盤', 2),
  ('890b2403-0c26-5f54-b8df-e482e6db65e6', 'a4444444-4444-4444-4444-444444444444', '咖啡飲品', 3),
  ('fd50c704-2e98-5184-a846-258e6dd9da4e', 'a5555555-5555-5555-5555-555555555555', '人氣精選', 0),
  ('82f7aedf-58f1-5076-85e8-9a4b983a2b7c', 'a5555555-5555-5555-5555-555555555555', '原茶', 1),
  ('bc47e959-1192-5e7b-aa00-85c64a0abcd1', 'a5555555-5555-5555-5555-555555555555', '奶茶鮮奶', 2),
  ('127595d4-3bf4-58d4-874d-bd5b3d300084', 'a5555555-5555-5555-5555-555555555555', '果茶特調', 3),
  ('b7f134f3-71c5-5534-a8e9-c20afac4f719', 'a6666666-6666-6666-6666-666666666666', '人氣精選', 0),
  ('53095e3e-514c-54aa-a3b9-0fc40c5fd982', 'a6666666-6666-6666-6666-666666666666', '豆花仙草', 1),
  ('b028bf9f-9266-5bc7-92ee-2574c2a0bcd3', 'a6666666-6666-6666-6666-666666666666', '冰品', 2),
  ('b25f5527-8af6-56e0-977c-918f19f8425b', 'a6666666-6666-6666-6666-666666666666', '飲品', 3),
  ('1abe5171-b743-5242-9c63-f15f111ccb5a', 'a7777777-7777-7777-7777-777777777777', '人氣精選', 0),
  ('ed143e1d-bdb9-59ec-ad04-815317a68242', 'a7777777-7777-7777-7777-777777777777', '拉麵', 1),
  ('2f3ac04e-539a-522f-bb39-7aca5995c53b', 'a7777777-7777-7777-7777-777777777777', '丼飯', 2),
  ('33f4fa75-e7c0-5384-b02b-586403db52af', 'a7777777-7777-7777-7777-777777777777', '小菜炸物', 3),
  ('1f7b55bc-39f5-5455-b1f8-b2fa22402c46', 'a8888888-8888-8888-8888-888888888888', '人氣精選', 0),
  ('572fd4e2-9375-50a7-8098-012a62b17078', 'a8888888-8888-8888-8888-888888888888', '拌飯鍋物', 1),
  ('3842bbf9-f1bf-5073-80de-1dd9ede52dca', 'a8888888-8888-8888-8888-888888888888', '韓式炸雞', 2),
  ('02a0f141-808d-537c-be89-2ba8418ecb4f', 'a8888888-8888-8888-8888-888888888888', '小菜飲品', 3),
  ('cf92836f-ebfb-54b6-a498-610e4674bcb4', 'a9999999-9999-9999-9999-999999999999', '人氣精選', 0),
  ('0be5c90d-6f58-5afe-bff5-36c416e7634f', 'a9999999-9999-9999-9999-999999999999', '漢堡', 1),
  ('d8b1cc50-30dd-522b-8427-96edfa7f1419', 'a9999999-9999-9999-9999-999999999999', '炸物配餐', 2),
  ('214bce43-21f6-5a4b-86b0-30ae7893d59e', 'a9999999-9999-9999-9999-999999999999', '飲品', 3),
  ('a0bf4cfb-4de1-5057-a1fc-260c4f12a5be', 'aaaaaaaa-aaaa-aaaa-aaaa-aaaaaaaaaaaa', '人氣精選', 0),
  ('2822b2b9-be47-5570-97dc-8b35dc49fe68', 'aaaaaaaa-aaaa-aaaa-aaaa-aaaaaaaaaaaa', '披薩', 1),
  ('9fb1f1fc-d9f9-5459-9116-50f05f34632b', 'aaaaaaaa-aaaa-aaaa-aaaa-aaaaaaaaaaaa', '義大利麵', 2),
  ('72e9a2d4-b524-5333-a4f8-f6bce7c22372', 'aaaaaaaa-aaaa-aaaa-aaaa-aaaaaaaaaaaa', '沙拉甜點', 3)
ON CONFLICT (id) DO NOTHING;

-- Menu items (150). price_minor stores TWD as integer (matches existing seed).
INSERT INTO menu_item (id, vendor_id, category_id, name, description, price_minor, tags, badges, status)
VALUES
  ('4f26e612-b35f-5500-8f2a-63eded235675', 'a1111111-1111-1111-1111-111111111111', '05bddcea-01a5-5dbb-af2c-38f5edc4ea0b', '炙燒雞腿便當', '去骨雞腿刷上醬油蒜香醬炙燒，附三樣配菜與白飯。', 165, ARRAY['含肉', '人氣'], ARRAY[]::text[], 'active'),
  ('66fc0909-6f31-57fd-90e0-97da3b574b73', 'a1111111-1111-1111-1111-111111111111', '05bddcea-01a5-5dbb-af2c-38f5edc4ea0b', '古早味排骨便當', '厚切里肌醃製後酥炸，搭配滷蛋與時蔬。', 145, ARRAY['含肉'], ARRAY[]::text[], 'active'),
  ('2adf060e-5263-5ffe-ad6b-518339ffa080', 'a1111111-1111-1111-1111-111111111111', 'e6a29e1f-dbf7-5ae2-ac7f-13abf72f6263', '椒麻雞便當', '酥炸雞腿排淋椒麻醬，微辣開胃。', 170, ARRAY['含肉', '微辣'], ARRAY[]::text[], 'active'),
  ('79c78af9-6eef-574a-a4c4-89762e80836d', 'a1111111-1111-1111-1111-111111111111', 'e6a29e1f-dbf7-5ae2-ac7f-13abf72f6263', '滷香控肉便當', '三層肉慢滷入味，肥瘦均衡。', 150, ARRAY['含肉'], ARRAY[]::text[], 'active'),
  ('2219396d-c2f8-5917-944f-f8fdef476822', 'a1111111-1111-1111-1111-111111111111', 'e6a29e1f-dbf7-5ae2-ac7f-13abf72f6263', '蒜泥白肉便當', '溫體豬五花搭配蒜香醬油膏。', 155, ARRAY['含肉'], ARRAY[]::text[], 'active'),
  ('f1419a41-fce5-5da9-8371-19d139851cfd', 'a1111111-1111-1111-1111-111111111111', 'e6a29e1f-dbf7-5ae2-ac7f-13abf72f6263', '鹽烤鯖魚便當', '挪威鯖魚鹽烤，附檸檬角。', 175, ARRAY['海鮮'], ARRAY[]::text[], 'active'),
  ('0a1b226e-70c7-5fe5-a7bf-6854ecaca427', 'a1111111-1111-1111-1111-111111111111', 'e6a29e1f-dbf7-5ae2-ac7f-13abf72f6263', '三杯杏鮑菇便當', '九層塔與麻油香氣，素食友善。', 140, ARRAY['素食'], ARRAY[]::text[], 'active'),
  ('aa8a0dad-25a3-5b3e-a5b9-81660c7fddbf', 'a1111111-1111-1111-1111-111111111111', 'e6a29e1f-dbf7-5ae2-ac7f-13abf72f6263', '雙拼雞排香腸便當', '酥炸雞排與台式香腸雙主菜。', 185, ARRAY['含肉', '份量大'], ARRAY[]::text[], 'active'),
  ('08ac9403-0f86-5c8e-8e0c-9e451edf4c37', 'a1111111-1111-1111-1111-111111111111', '97f285c8-4a75-5b27-8424-90859ee9b71b', '炙燒雞腿單點', '去骨雞腿主菜，不附飯菜。', 105, ARRAY['含肉'], ARRAY[]::text[], 'active'),
  ('46507e93-30fd-521c-8795-0b68988dde65', 'a1111111-1111-1111-1111-111111111111', '97f285c8-4a75-5b27-8424-90859ee9b71b', '酥炸排骨單點', '厚切排骨單點，不附飯菜。', 90, ARRAY['含肉'], ARRAY[]::text[], 'active'),
  ('83e8c14e-31bb-5047-9135-4d38b8f9c8e6', 'a1111111-1111-1111-1111-111111111111', '13114b35-7ec7-58c9-a3ce-d11ffdf33e6a', '每日例湯', '依當日食材熬煮，可能含肉燥。', 35, ARRAY[]::text[], ARRAY[]::text[], 'active'),
  ('9e593f4c-4664-5465-aa9e-1b7dee26edd1', 'a1111111-1111-1111-1111-111111111111', '13114b35-7ec7-58c9-a3ce-d11ffdf33e6a', '滷蛋', '醬香滷蛋一顆。', 20, ARRAY['蛋奶素'], ARRAY[]::text[], 'active'),
  ('398f47cb-d265-5f04-9644-77a1e9195473', 'a1111111-1111-1111-1111-111111111111', '13114b35-7ec7-58c9-a3ce-d11ffdf33e6a', '燙青菜', '季節青菜淋蒜蓉醬油。', 45, ARRAY['蔬菜'], ARRAY[]::text[], 'active'),
  ('f8e1005f-477f-5524-a85d-6748936ece6a', 'a1111111-1111-1111-1111-111111111111', '13114b35-7ec7-58c9-a3ce-d11ffdf33e6a', '黃金泡菜', '清爽微辣台式泡菜。', 50, ARRAY['微辣'], ARRAY[]::text[], 'active'),
  ('2732a4ea-21b3-5608-bfa2-5f1e871ee103', 'a1111111-1111-1111-1111-111111111111', '05bddcea-01a5-5dbb-af2c-38f5edc4ea0b', '會議便當組合', '五份主廚精選便當，適合團訂。', 750, ARRAY['團體餐'], ARRAY[]::text[], 'active'),
  ('79722223-aa4b-5236-9964-9fcf0071c6ce', 'a2222222-2222-2222-2222-222222222222', '694862a5-b094-5f37-9f4b-9d7f169c564d', '半熟蛋滷肉飯', '肥瘦各半滷肉搭配半熟蛋與酸菜。', 75, ARRAY['人氣', '含蛋'], ARRAY[]::text[], 'active'),
  ('6723c5ee-99b4-554f-9637-7dc71554d6f3', 'a2222222-2222-2222-2222-222222222222', '694862a5-b094-5f37-9f4b-9d7f169c564d', '招牌焢肉飯', '厚切焢肉、滷筍絲與青菜。', 115, ARRAY['含肉'], ARRAY[]::text[], 'active'),
  ('fe647660-c69a-5d4a-a4d9-cceebd93e14a', 'a2222222-2222-2222-2222-222222222222', 'a5018b24-ce73-5dbb-9477-ad3b38a18a60', '雞肉飯', '手撕雞胸拌雞油蔥酥。', 70, ARRAY['含肉'], ARRAY[]::text[], 'active'),
  ('9ed2fae9-48d8-5257-a26b-f1a95dba7f53', 'a2222222-2222-2222-2222-222222222222', 'a5018b24-ce73-5dbb-9477-ad3b38a18a60', '瓜仔肉飯', '醬瓜肉燥鹹甜下飯。', 80, ARRAY['含肉'], ARRAY[]::text[], 'active'),
  ('db14e607-c6e0-57fa-b77f-1b2fb3eab181', 'a2222222-2222-2222-2222-222222222222', 'a5018b24-ce73-5dbb-9477-ad3b38a18a60', '雙醬滷肉雞肉飯', '滷肉與雞肉一次滿足。', 95, ARRAY['含肉'], ARRAY[]::text[], 'active'),
  ('0e60192a-c9cc-5674-a70a-5b10eeb4b294', 'a2222222-2222-2222-2222-222222222222', 'a5018b24-ce73-5dbb-9477-ad3b38a18a60', '素香菇燥飯', '香菇與豆干慢炒，無肉版本。', 80, ARRAY['素食'], ARRAY[]::text[], 'active'),
  ('3dfb71fa-a95e-5707-9409-04edb3ec5414', 'a2222222-2222-2222-2222-222222222222', '584f7b65-8d00-527d-9e46-90c3102afefc', '切仔麵', '油蔥湯頭與韭菜豆芽。', 65, ARRAY[]::text[], ARRAY[]::text[], 'active'),
  ('56b5a662-6dc9-5ef1-97af-57cf0bd1242a', 'a2222222-2222-2222-2222-222222222222', '584f7b65-8d00-527d-9e46-90c3102afefc', '貢丸湯', '新竹風味貢丸兩顆。', 45, ARRAY['含肉'], ARRAY[]::text[], 'active'),
  ('06d66907-d981-5145-8e52-638f77656d04', 'a2222222-2222-2222-2222-222222222222', '584f7b65-8d00-527d-9e46-90c3102afefc', '四神湯', '薏仁、蓮子與豬腸燉煮。', 70, ARRAY['含肉'], ARRAY[]::text[], 'active'),
  ('50992dc1-8d2c-5cd4-80d9-7531031a693d', 'a2222222-2222-2222-2222-222222222222', '584f7b65-8d00-527d-9e46-90c3102afefc', '蛤蜊冬瓜湯', '清甜冬瓜與新鮮蛤蜊。', 85, ARRAY['海鮮'], ARRAY[]::text[], 'active'),
  ('2341386b-4231-5526-825e-2b713fc9eeb8', 'a2222222-2222-2222-2222-222222222222', 'baef8de2-d4c4-5336-ba8d-9371ccd6fd7f', '滷豆腐', '老滷汁入味豆腐。', 35, ARRAY['素食'], ARRAY[]::text[], 'active'),
  ('e13e0f8c-cd04-58e1-a234-bf5170a78601', 'a2222222-2222-2222-2222-222222222222', 'baef8de2-d4c4-5336-ba8d-9371ccd6fd7f', '滷白菜', '蝦米白菜滷，帶古早味。', 50, ARRAY[]::text[], ARRAY[]::text[], 'active'),
  ('630f1ca0-b852-5f6c-b7a0-5dff8aabe416', 'a2222222-2222-2222-2222-222222222222', 'baef8de2-d4c4-5336-ba8d-9371ccd6fd7f', '蒜香嘴邊肉', '嘴邊肉切片搭蒜蓉醬。', 85, ARRAY['含肉'], ARRAY[]::text[], 'active'),
  ('a6fd6179-5603-5434-bd2a-5118aba36a27', 'a2222222-2222-2222-2222-222222222222', 'baef8de2-d4c4-5336-ba8d-9371ccd6fd7f', '紅油抄手', '花椒紅油微麻微辣。', 80, ARRAY['微辣', '含肉'], ARRAY[]::text[], 'active'),
  ('5aa0e32f-7a3e-514c-98d4-5b2d9c5e63a5', 'a2222222-2222-2222-2222-222222222222', '694862a5-b094-5f37-9f4b-9d7f169c564d', '一人飽足套餐', '半熟蛋滷肉飯、貢丸湯、滷豆腐。', 145, ARRAY['套餐'], ARRAY[]::text[], 'active'),
  ('aeeb4dd3-c1c9-511e-a90d-31a06b4ee2ae', 'a3333333-3333-3333-3333-333333333333', '8351a7a8-3373-55ed-aa33-cc5e2701b62b', '起司蛋餅', '現煎蛋餅皮包起司與蔥蛋。', 55, ARRAY['蛋奶素'], ARRAY[]::text[], 'active'),
  ('e3f917be-c37c-5023-b478-17fa0fd2126a', 'a3333333-3333-3333-3333-333333333333', '8351a7a8-3373-55ed-aa33-cc5e2701b62b', '燒餅油條', '酥脆燒餅夾現炸油條。', 60, ARRAY['素食'], ARRAY[]::text[], 'active'),
  ('88ae058b-8401-51a9-a288-7ba458713b8b', 'a3333333-3333-3333-3333-333333333333', 'c1ff29f9-7872-58cc-a28a-0b836333fe09', '培根蛋餅', '培根、蔥蛋與特調醬油膏。', 65, ARRAY['含肉'], ARRAY[]::text[], 'active'),
  ('65071741-64ba-5a31-be6f-6e24f5e3a911', 'a3333333-3333-3333-3333-333333333333', 'c1ff29f9-7872-58cc-a28a-0b836333fe09', '玉米蛋餅', '甜玉米粒與香煎蛋餅。', 55, ARRAY['蛋奶素'], ARRAY[]::text[], 'active'),
  ('e9fe376a-4063-5633-9c89-acf4296dd3fa', 'a3333333-3333-3333-3333-333333333333', 'c1ff29f9-7872-58cc-a28a-0b836333fe09', '鮪魚蛋餅', '鮪魚沙拉與蔥蛋。', 70, ARRAY['海鮮'], ARRAY[]::text[], 'active'),
  ('69b6d4dc-6d32-59d9-9ee6-6489a21047ee', 'a3333333-3333-3333-3333-333333333333', 'c1ff29f9-7872-58cc-a28a-0b836333fe09', '蘿蔔糕加蛋', '港式蘿蔔糕煎至恰恰。', 65, ARRAY['含蛋'], ARRAY[]::text[], 'active'),
  ('887b65f7-196d-5328-be2e-acc5d3371cae', 'a3333333-3333-3333-3333-333333333333', 'bffe217f-dcd5-58f6-8490-85392e26e5d4', '傳統飯糰', '糯米包油條、肉鬆、菜脯與酸菜。', 65, ARRAY['含肉'], ARRAY[]::text[], 'active'),
  ('da345759-4694-5c81-b611-b0fbf75dd64e', 'a3333333-3333-3333-3333-333333333333', 'bffe217f-dcd5-58f6-8490-85392e26e5d4', '紫米素飯糰', '紫米、素鬆、油條與酸菜。', 70, ARRAY['素食'], ARRAY[]::text[], 'active'),
  ('cb27e48d-657e-527b-8336-b21d3442b8d9', 'a3333333-3333-3333-3333-333333333333', 'bffe217f-dcd5-58f6-8490-85392e26e5d4', '黑糖饅頭夾蛋', '黑糖饅頭搭蔥蛋。', 55, ARRAY['蛋奶素'], ARRAY[]::text[], 'active'),
  ('e1139ccd-edd8-5721-8366-174fba934e76', 'a3333333-3333-3333-3333-333333333333', 'bffe217f-dcd5-58f6-8490-85392e26e5d4', '鮮肉小籠包', '六顆手工小籠包。', 85, ARRAY['含肉'], ARRAY[]::text[], 'active'),
  ('1adcf6bd-81cf-5483-b2a2-731ba1d261b5', 'a3333333-3333-3333-3333-333333333333', 'd8c53fef-c4b0-5cee-8529-2dff604ec2e4', '冰豆漿', '非基改黃豆現磨，可選甜度。', 30, ARRAY['素食'], ARRAY[]::text[], 'active'),
  ('2cb19f64-55bc-5b0b-a4b2-838ffafeecd2', 'a3333333-3333-3333-3333-333333333333', 'd8c53fef-c4b0-5cee-8529-2dff604ec2e4', '熱米漿', '花生米漿香濃滑順。', 35, ARRAY['花生'], ARRAY[]::text[], 'active'),
  ('d62c49ba-c1e9-57e5-a366-44bda4e6c7a0', 'a3333333-3333-3333-3333-333333333333', 'd8c53fef-c4b0-5cee-8529-2dff604ec2e4', '鹹豆漿', '蝦米、油條、榨菜與辣油。', 50, ARRAY['微辣'], ARRAY[]::text[], 'active'),
  ('0653061e-ff9c-57ea-8ba7-e3e9244e9c46', 'a3333333-3333-3333-3333-333333333333', 'd8c53fef-c4b0-5cee-8529-2dff604ec2e4', '紅茶豆漿', '台式紅茶混合豆漿。', 35, ARRAY['素食'], ARRAY[]::text[], 'active'),
  ('9295865d-fc98-5a4b-af6e-d7fab9ca4465', 'a3333333-3333-3333-3333-333333333333', '8351a7a8-3373-55ed-aa33-cc5e2701b62b', '早餐雙人組', '起司蛋餅、蘿蔔糕加蛋、豆漿兩杯。', 190, ARRAY['套餐'], ARRAY[]::text[], 'active'),
  ('75d6f27f-cbbb-50e8-bae1-828f4da0def0', 'a4444444-4444-4444-4444-444444444444', '77f618c1-9bd1-5fd3-a29d-bb150939676d', '花生培根牛肉堡', '手打牛肉排、培根、花生醬與生菜。', 185, ARRAY['含肉', '花生'], ARRAY[]::text[], 'active'),
  ('df3e86df-d080-55fb-ba47-bc6ba9394d91', 'a4444444-4444-4444-4444-444444444444', '77f618c1-9bd1-5fd3-a29d-bb150939676d', '松露炒蛋厚吐司', '奶油炒蛋、菇菇與松露醬。', 160, ARRAY['蛋奶素'], ARRAY[]::text[], 'active'),
  ('98e5390a-c659-5734-bb32-184105cef7af', 'a4444444-4444-4444-4444-444444444444', '33574c57-59ae-53fa-9a61-c02f52e475dd', '炭烤雞腿厚吐司', '去骨雞腿、番茄、生菜與蜂蜜芥末。', 170, ARRAY['含肉'], ARRAY[]::text[], 'active'),
  ('638fc0fc-2c77-5132-b835-c3e7edc9bc95', 'a4444444-4444-4444-4444-444444444444', '33574c57-59ae-53fa-9a61-c02f52e475dd', '芋泥肉鬆厚吐司', '大甲芋泥、肉鬆與鹹甜奶油。', 145, ARRAY['含肉'], ARRAY[]::text[], 'active'),
  ('7d93c7e7-6f80-505d-b982-2e895f5fb38f', 'a4444444-4444-4444-4444-444444444444', '33574c57-59ae-53fa-9a61-c02f52e475dd', '薯餅起司蛋吐司', '薯餅、起司與半熟蛋。', 125, ARRAY['蛋奶素'], ARRAY[]::text[], 'active'),
  ('58ea39f8-5cb8-559b-8289-051ac7ab6077', 'a4444444-4444-4444-4444-444444444444', '33574c57-59ae-53fa-9a61-c02f52e475dd', '鮪魚玉米吐司', '鮪魚沙拉、玉米與脆生菜。', 120, ARRAY['海鮮'], ARRAY[]::text[], 'active'),
  ('e3ee3638-8772-5196-8edd-fe1f19290171', 'a4444444-4444-4444-4444-444444444444', '34cf219d-6acb-5aa8-bb6a-2bfe7a149896', '香煎雞胸沙拉盤', '嫩煎雞胸、溫沙拉、地瓜與水煮蛋。', 210, ARRAY['高蛋白'], ARRAY[]::text[], 'active'),
  ('94d102b9-5597-5487-87f2-66d0eec616a6', 'a4444444-4444-4444-4444-444444444444', '34cf219d-6acb-5aa8-bb6a-2bfe7a149896', '酪梨鮭魚蛋盤', '煙燻鮭魚、酪梨、炒蛋與酸種麵包。', 260, ARRAY['海鮮'], ARRAY[]::text[], 'active'),
  ('ecb5475d-cf81-5c30-9f6b-dfd1ff9f20bf', 'a4444444-4444-4444-4444-444444444444', '34cf219d-6acb-5aa8-bb6a-2bfe7a149896', '野菇蔬食盤', '炒野菇、烤番茄、薯塊與沙拉。', 190, ARRAY['素食'], ARRAY[]::text[], 'active'),
  ('a7dceb37-a940-5c07-bc92-e6242b63d3cf', 'a4444444-4444-4444-4444-444444444444', '34cf219d-6acb-5aa8-bb6a-2bfe7a149896', '兒童小鬆餅盤', '迷你鬆餅、炒蛋、薯條與水果。', 150, ARRAY['兒童友善'], ARRAY[]::text[], 'active'),
  ('06942c34-9e0a-5b77-b661-179eced1a442', 'a4444444-4444-4444-4444-444444444444', '890b2403-0c26-5f54-b8df-e482e6db65e6', '冰美式', '中焙豆，清爽堅果尾韻。', 80, ARRAY['咖啡因'], ARRAY[]::text[], 'active'),
  ('c0670367-9a10-5933-bce1-da9325a75387', 'a4444444-4444-4444-4444-444444444444', '890b2403-0c26-5f54-b8df-e482e6db65e6', '燕麥拿鐵', '燕麥奶與濃縮咖啡。', 120, ARRAY['植物奶'], ARRAY[]::text[], 'active'),
  ('2eb4e103-d987-5a7c-9359-d04ad87127a5', 'a4444444-4444-4444-4444-444444444444', '890b2403-0c26-5f54-b8df-e482e6db65e6', '蜂蜜檸檬氣泡飲', '檸檬汁、蜂蜜與氣泡水。', 100, ARRAY[]::text[], ARRAY[]::text[], 'active'),
  ('36285141-cd75-513a-887f-df4b177b8ac2', 'a4444444-4444-4444-4444-444444444444', '890b2403-0c26-5f54-b8df-e482e6db65e6', '鮮奶茶', '錫蘭紅茶與鮮乳。', 90, ARRAY['含乳'], ARRAY[]::text[], 'active'),
  ('9c6b0529-64fb-534d-a584-79a77af5cdf2', 'a4444444-4444-4444-4444-444444444444', '77f618c1-9bd1-5fd3-a29d-bb150939676d', '假日早午餐雙人組', '兩份厚吐司、薯條、沙拉與飲品。', 520, ARRAY['套餐'], ARRAY[]::text[], 'active'),
  ('65fb52e2-fbff-5ac5-aa17-c6d3ae6ebf8c', 'a5555555-5555-5555-5555-555555555555', 'fd50c704-2e98-5184-a846-258e6dd9da4e', '黑糖珍珠鮮奶', '黑糖熬煮珍珠搭配光泉鮮奶。', 75, ARRAY['含乳', '珍珠'], ARRAY[]::text[], 'active'),
  ('40e29852-896b-5f6f-9075-d14f4ad84754', 'a5555555-5555-5555-5555-555555555555', 'fd50c704-2e98-5184-a846-258e6dd9da4e', '鐵觀音奶茶', '焙火鐵觀音與奶精，茶感厚實。', 60, ARRAY['咖啡因'], ARRAY[]::text[], 'active'),
  ('4d9e8110-877c-5a2a-8c38-c33033ac8db8', 'a5555555-5555-5555-5555-555555555555', '82f7aedf-58f1-5076-85e8-9a4b983a2b7c', '四季春青茶', '清香回甘，可選冰量甜度。', 35, ARRAY['咖啡因'], ARRAY[]::text[], 'active'),
  ('8b940bf5-db8e-5389-a368-6b3fced51457', 'a5555555-5555-5555-5555-555555555555', '82f7aedf-58f1-5076-85e8-9a4b983a2b7c', '熟成紅茶', '濃郁紅茶香氣。', 35, ARRAY['咖啡因'], ARRAY[]::text[], 'active'),
  ('cc61b456-9154-55da-967b-0d60827ee730', 'a5555555-5555-5555-5555-555555555555', '82f7aedf-58f1-5076-85e8-9a4b983a2b7c', '茉莉綠茶', '花香清爽，適合微糖。', 35, ARRAY['咖啡因'], ARRAY[]::text[], 'active'),
  ('3df0c2d3-6858-58a3-bbc3-3ffd1443e3b1', 'a5555555-5555-5555-5555-555555555555', '82f7aedf-58f1-5076-85e8-9a4b983a2b7c', '冬瓜青茶', '冬瓜甜香與青茶平衡。', 45, ARRAY['咖啡因'], ARRAY[]::text[], 'active'),
  ('276c842c-c999-5a63-8f54-b65b8452c793', 'a5555555-5555-5555-5555-555555555555', 'bc47e959-1192-5e7b-aa00-85c64a0abcd1', '珍珠奶茶', '經典台式奶茶加珍珠。', 55, ARRAY['珍珠'], ARRAY[]::text[], 'active'),
  ('e3583f1b-8589-5f95-9cf9-af26a479ae23', 'a5555555-5555-5555-5555-555555555555', 'bc47e959-1192-5e7b-aa00-85c64a0abcd1', '紅茶拿鐵', '紅茶與鮮奶比例 7:3。', 65, ARRAY['含乳'], ARRAY[]::text[], 'active'),
  ('5d979d76-bad7-5bb9-bff0-50418480be22', 'a5555555-5555-5555-5555-555555555555', 'bc47e959-1192-5e7b-aa00-85c64a0abcd1', '芋頭鮮奶西米露', '芋泥、鮮奶與西米露。', 85, ARRAY['含乳'], ARRAY[]::text[], 'active'),
  ('0241f671-c3b7-58ff-83b9-a6ec86b7c0f7', 'a5555555-5555-5555-5555-555555555555', 'bc47e959-1192-5e7b-aa00-85c64a0abcd1', '抹茶鮮奶', '靜岡抹茶粉與鮮奶。', 80, ARRAY['含乳', '咖啡因'], ARRAY[]::text[], 'active'),
  ('29cc4eac-a8ed-59b0-8476-938fdd46eca0', 'a5555555-5555-5555-5555-555555555555', '127595d4-3bf4-58d4-874d-bd5b3d300084', '百香雙響炮', '百香果、珍珠與椰果。', 65, ARRAY['珍珠', '椰果'], ARRAY[]::text[], 'active'),
  ('fe5daca9-1db1-5c86-9221-2ff4dd9b4a38', 'a5555555-5555-5555-5555-555555555555', '127595d4-3bf4-58d4-874d-bd5b3d300084', '葡萄柚綠茶', '新鮮葡萄柚果粒與茉莉綠。', 70, ARRAY['咖啡因'], ARRAY[]::text[], 'active'),
  ('6f338bf4-49c1-5a5e-b617-c26233d5d413', 'a5555555-5555-5555-5555-555555555555', '127595d4-3bf4-58d4-874d-bd5b3d300084', '檸檬愛玉', '檸檬汁與手洗愛玉。', 60, ARRAY['素食'], ARRAY[]::text[], 'active'),
  ('41ab3b9d-ddb3-5695-876b-16e9ea37144a', 'a5555555-5555-5555-5555-555555555555', '127595d4-3bf4-58d4-874d-bd5b3d300084', '芒果冰沙', '芒果果泥與碎冰，夏季限定。', 90, ARRAY[]::text[], ARRAY[]::text[], 'active'),
  ('1443d775-1ff0-5e8c-a696-9164414ef723', 'a5555555-5555-5555-5555-555555555555', 'fd50c704-2e98-5184-a846-258e6dd9da4e', '辦公室 6 杯組', '六杯指定茶飲，可混搭甜冰。', 320, ARRAY['團體餐'], ARRAY[]::text[], 'active'),
  ('36937842-6bd7-5bbc-b875-c784b8664535', 'a6666666-6666-6666-6666-666666666666', 'b7f134f3-71c5-5534-a8e9-c20afac4f719', '綜合嫩豆花', '花生、粉圓、芋圓與嫩豆花。', 70, ARRAY['素食', '花生'], ARRAY[]::text[], 'active'),
  ('889c1452-ee71-556f-adcc-d9192e2d9f15', 'a6666666-6666-6666-6666-666666666666', 'b7f134f3-71c5-5534-a8e9-c20afac4f719', '黑糖粉粿豆花', '黑糖粉粿與手工豆花。', 75, ARRAY['素食'], ARRAY[]::text[], 'active'),
  ('59816514-02bf-551e-bc76-861f612cb330', 'a6666666-6666-6666-6666-666666666666', '53095e3e-514c-54aa-a3b9-0fc40c5fd982', '花生豆花', '蜜煮花生搭配豆香豆花。', 65, ARRAY['花生', '素食'], ARRAY[]::text[], 'active'),
  ('8df18218-a78f-580b-bec1-d2a072fc9eee', 'a6666666-6666-6666-6666-666666666666', '53095e3e-514c-54aa-a3b9-0fc40c5fd982', '芋圓豆花', '雙色芋圓與地瓜圓。', 70, ARRAY['素食'], ARRAY[]::text[], 'active'),
  ('8e9f8dcd-73e5-59ad-9d0f-6f2886cba3a0', 'a6666666-6666-6666-6666-666666666666', '53095e3e-514c-54aa-a3b9-0fc40c5fd982', '仙草奶凍', '嫩仙草、鮮奶與紅豆。', 75, ARRAY['含乳'], ARRAY[]::text[], 'active'),
  ('b6e9c182-b594-5112-98b9-e6bf7bcb0d16', 'a6666666-6666-6666-6666-666666666666', '53095e3e-514c-54aa-a3b9-0fc40c5fd982', '紅豆薏仁湯', '紅豆與薏仁慢煮，溫熱供應。', 65, ARRAY['素食'], ARRAY[]::text[], 'active'),
  ('da857569-7564-54e0-869f-3de869b0c545', 'a6666666-6666-6666-6666-666666666666', 'b028bf9f-9266-5bc7-92ee-2574c2a0bcd3', '芒果雪花冰', '芒果、奶霜與雪花冰。', 180, ARRAY['含乳', '季節限定'], ARRAY[]::text[], 'active'),
  ('97d139f3-154f-59a0-b527-2212d7144ca7', 'a6666666-6666-6666-6666-666666666666', 'b028bf9f-9266-5bc7-92ee-2574c2a0bcd3', '花生麻糬雪花冰', '花生粉、麻糬與牛奶雪花。', 160, ARRAY['花生', '含乳'], ARRAY[]::text[], 'active'),
  ('919b53f4-607c-5312-8b50-54b675019816', 'a6666666-6666-6666-6666-666666666666', 'b028bf9f-9266-5bc7-92ee-2574c2a0bcd3', '宇治金時刨冰', '抹茶蜜、紅豆與白玉。', 150, ARRAY['咖啡因'], ARRAY[]::text[], 'active'),
  ('88868984-0e45-5d51-bb8c-517f9f5b85c2', 'a6666666-6666-6666-6666-666666666666', 'b028bf9f-9266-5bc7-92ee-2574c2a0bcd3', '檸檬愛玉冰', '酸甜檸檬與愛玉，清爽解膩。', 80, ARRAY['素食'], ARRAY[]::text[], 'active'),
  ('61393e4e-9ef0-5869-addf-cb4ea1c1222a', 'a6666666-6666-6666-6666-666666666666', 'b25f5527-8af6-56e0-977c-918f19f8425b', '冬瓜檸檬', '冬瓜茶與新鮮檸檬。', 50, ARRAY['素食'], ARRAY[]::text[], 'active'),
  ('194438d6-9515-50fc-866c-2e8012953879', 'a6666666-6666-6666-6666-666666666666', 'b25f5527-8af6-56e0-977c-918f19f8425b', '仙草甘茶', '無咖啡因仙草茶。', 45, ARRAY['無咖啡因'], ARRAY[]::text[], 'active'),
  ('a2b80e94-e08a-588b-9b1e-2be2bcd03187', 'a6666666-6666-6666-6666-666666666666', 'b25f5527-8af6-56e0-977c-918f19f8425b', '紅豆鮮奶', '蜜紅豆與鮮奶。', 70, ARRAY['含乳'], ARRAY[]::text[], 'active'),
  ('6cec39ca-2f9e-518f-9dd8-be897ef47321', 'a6666666-6666-6666-6666-666666666666', 'b25f5527-8af6-56e0-977c-918f19f8425b', '桂花烏龍冷泡', '桂花香與烏龍茶感。', 65, ARRAY['咖啡因'], ARRAY[]::text[], 'active'),
  ('57072476-b117-5995-99b7-f13ed9ac5fa9', 'a6666666-6666-6666-6666-666666666666', 'b7f134f3-71c5-5534-a8e9-c20afac4f719', '甜品三入分享組', '任選三碗豆花或仙草，適合分享。', 205, ARRAY['分享餐'], ARRAY[]::text[], 'active'),
  ('30788987-2010-5d5e-b6c3-8db4937829f4', 'a7777777-7777-7777-7777-777777777777', '1abe5171-b743-5242-9c63-f15f111ccb5a', '豚骨叉燒拉麵', '濃厚豚骨湯、叉燒兩片、溏心蛋半顆。', 220, ARRAY['含肉'], ARRAY[]::text[], 'active'),
  ('57f6a4ec-9189-5ee8-8a09-c3cd18e36818', 'a7777777-7777-7777-7777-777777777777', '1abe5171-b743-5242-9c63-f15f111ccb5a', '唐揚雞咖哩飯', '日式咖哩搭配酥炸唐揚雞。', 210, ARRAY['含肉'], ARRAY[]::text[], 'active'),
  ('3de03889-ac00-535a-a857-1b800e683709', 'a7777777-7777-7777-7777-777777777777', 'ed143e1d-bdb9-59ec-ad04-815317a68242', '味噌玉米拉麵', '北海道風味味噌湯底與玉米奶油。', 210, ARRAY['含乳'], ARRAY[]::text[], 'active'),
  ('eac0c57b-71c2-57dd-800b-1fcab93ec0ad', 'a7777777-7777-7777-7777-777777777777', 'ed143e1d-bdb9-59ec-ad04-815317a68242', '辛味噌拉麵', '辣味噌湯頭與辣肉味噌。', 230, ARRAY['中辣', '含肉'], ARRAY[]::text[], 'active'),
  ('a60d9377-9935-56b2-a73f-a1b4d0db655f', 'a7777777-7777-7777-7777-777777777777', 'ed143e1d-bdb9-59ec-ad04-815317a68242', '醬油雞湯拉麵', '清爽雞湯醬油湯底。', 200, ARRAY['含肉'], ARRAY[]::text[], 'active'),
  ('3f7e30e1-6ceb-51df-b12c-2851ec1cef13', 'a7777777-7777-7777-7777-777777777777', 'ed143e1d-bdb9-59ec-ad04-815317a68242', '野菜鹽味拉麵', '大量蔬菜與鹽味湯底。', 195, ARRAY['蔬菜'], ARRAY[]::text[], 'active'),
  ('37c32135-f10e-596a-8c81-f9df1b8ff98a', 'a7777777-7777-7777-7777-777777777777', '2f3ac04e-539a-522f-bb39-7aca5995c53b', '炙燒叉燒丼', '炙燒叉燒、溫泉蛋與蔥花。', 190, ARRAY['含肉'], ARRAY[]::text[], 'active'),
  ('527e0b18-84f2-5488-9d5b-0da70b2696c3', 'a7777777-7777-7777-7777-777777777777', '2f3ac04e-539a-522f-bb39-7aca5995c53b', '親子丼', '雞腿肉與滑蛋蓋飯。', 175, ARRAY['含肉', '含蛋'], ARRAY[]::text[], 'active'),
  ('47238334-0298-5f7f-b16e-8430fb285913', 'a7777777-7777-7777-7777-777777777777', '2f3ac04e-539a-522f-bb39-7aca5995c53b', '牛五花丼', '醬燒牛五花、洋蔥與七味粉。', 205, ARRAY['牛肉'], ARRAY[]::text[], 'active'),
  ('d41a7a0e-ca93-58a4-8a4c-93dabac63399', 'a7777777-7777-7777-7777-777777777777', '2f3ac04e-539a-522f-bb39-7aca5995c53b', '蒲燒鯛魚丼', '蒲燒醬烤鯛魚片。', 220, ARRAY['海鮮'], ARRAY[]::text[], 'active'),
  ('4134295d-bc53-59e6-8974-a0ee77d3caa4', 'a7777777-7777-7777-7777-777777777777', '33f4fa75-e7c0-5384-b02b-586403db52af', '日式炸餃', '六顆煎炸餃子。', 95, ARRAY['含肉'], ARRAY[]::text[], 'active'),
  ('8e031beb-9aee-5eaa-9a10-3b49cc7b1403', 'a7777777-7777-7777-7777-777777777777', '33f4fa75-e7c0-5384-b02b-586403db52af', '唐揚雞', '酥炸雞腿塊附檸檬。', 120, ARRAY['含肉'], ARRAY[]::text[], 'active'),
  ('600664cc-d7d2-5e7f-8849-a54da8f53005', 'a7777777-7777-7777-7777-777777777777', '33f4fa75-e7c0-5384-b02b-586403db52af', '溏心蛋', '醬油半熟蛋一顆。', 45, ARRAY['含蛋'], ARRAY[]::text[], 'active'),
  ('aadbeb9e-a595-5946-bc83-e42a21ea403a', 'a7777777-7777-7777-7777-777777777777', '33f4fa75-e7c0-5384-b02b-586403db52af', '海帶芽沙拉', '酸甜和風海帶芽。', 55, ARRAY['素食'], ARRAY[]::text[], 'active'),
  ('68537934-848b-5626-b247-6352501ef165', 'a7777777-7777-7777-7777-777777777777', '1abe5171-b743-5242-9c63-f15f111ccb5a', '拉麵雙人套餐', '兩碗指定拉麵、炸餃與海帶芽。', 520, ARRAY['套餐'], ARRAY[]::text[], 'active'),
  ('a02c1bb9-08f5-5c5d-aebc-ba744250c960', 'a8888888-8888-8888-8888-888888888888', '1f7b55bc-39f5-5455-b1f8-b2fa22402c46', '牛肉石鍋拌飯', '牛肉、五色蔬菜、半熟蛋與韓式辣醬。', 220, ARRAY['牛肉', '微辣'], ARRAY[]::text[], 'active'),
  ('f3d0db57-773a-53b4-a81b-d1e6fec4e335', 'a8888888-8888-8888-8888-888888888888', '1f7b55bc-39f5-5455-b1f8-b2fa22402c46', '半半炸雞', '原味與甜辣各半，附醃蘿蔔。', 360, ARRAY['含肉', '微辣'], ARRAY[]::text[], 'active'),
  ('2a2e1345-941b-52db-953e-55a0d7d1662d', 'a8888888-8888-8888-8888-888888888888', '572fd4e2-9375-50a7-8098-012a62b17078', '豬肉泡菜鍋', '泡菜湯底、豬五花、豆腐與年糕。', 230, ARRAY['中辣', '含肉'], ARRAY[]::text[], 'active'),
  ('217885f7-47a0-5201-8e5c-6667111be2c2', 'a8888888-8888-8888-8888-888888888888', '572fd4e2-9375-50a7-8098-012a62b17078', '起司辣炒年糕', '韓式年糕、魚板與起司。', 180, ARRAY['中辣', '含乳'], ARRAY[]::text[], 'active'),
  ('96332c4c-15ed-53c5-a793-6d4f12cc93a5', 'a8888888-8888-8888-8888-888888888888', '572fd4e2-9375-50a7-8098-012a62b17078', '雞肉拌飯', '嫩煎雞腿肉與拌飯蔬菜。', 205, ARRAY['含肉'], ARRAY[]::text[], 'active'),
  ('891b009c-acec-5d76-a71e-e1bd5950cd67', 'a8888888-8888-8888-8888-888888888888', '572fd4e2-9375-50a7-8098-012a62b17078', '菇菇蔬食拌飯', '綜合菇與蔬菜，無肉版本。', 190, ARRAY['素食'], ARRAY[]::text[], 'active'),
  ('7d69a998-b39c-5601-a97a-a23ec6d59169', 'a8888888-8888-8888-8888-888888888888', '3842bbf9-f1bf-5073-80de-1dd9ede52dca', '原味脆皮炸雞', '韓式粉漿酥炸雞塊。', 320, ARRAY['含肉'], ARRAY[]::text[], 'active'),
  ('2d33e227-9b71-5f04-be85-c2a991e7cd25', 'a8888888-8888-8888-8888-888888888888', '3842bbf9-f1bf-5073-80de-1dd9ede52dca', '蜂蜜蒜香炸雞', '蜂蜜蒜醬包裹炸雞。', 340, ARRAY['含肉'], ARRAY[]::text[], 'active'),
  ('91390bec-860e-5c19-8713-40d761b1cf15', 'a8888888-8888-8888-8888-888888888888', '3842bbf9-f1bf-5073-80de-1dd9ede52dca', '辣醬炸雞', '韓式甜辣醬，辣度中等。', 340, ARRAY['中辣', '含肉'], ARRAY[]::text[], 'active'),
  ('3b720670-9de1-583c-9f8f-45e99a0e69c0', 'a8888888-8888-8888-8888-888888888888', '3842bbf9-f1bf-5073-80de-1dd9ede52dca', '無骨炸雞杯', '適合一人份的無骨炸雞。', 180, ARRAY['含肉'], ARRAY[]::text[], 'active'),
  ('19397dcc-6ca4-5602-a6b0-9660bc4f5a2c', 'a8888888-8888-8888-8888-888888888888', '02a0f141-808d-537c-be89-2ba8418ecb4f', '韓式泡菜', '每日醃製白菜泡菜。', 55, ARRAY['微辣'], ARRAY[]::text[], 'active'),
  ('f66bbc1f-4886-5e2c-8431-afb8a66442d2', 'a8888888-8888-8888-8888-888888888888', '02a0f141-808d-537c-be89-2ba8418ecb4f', '海苔飯捲', '海苔、白飯、蛋皮與醃蘿蔔。', 120, ARRAY['含蛋'], ARRAY[]::text[], 'active'),
  ('401d6c4a-ee16-50d2-ab47-095f9a271cca', 'a8888888-8888-8888-8888-888888888888', '02a0f141-808d-537c-be89-2ba8418ecb4f', '魚板湯', '韓式魚板清湯。', 85, ARRAY['海鮮'], ARRAY[]::text[], 'active'),
  ('6fc5fd6f-fc75-5d44-ad9c-ca994aaaf10d', 'a8888888-8888-8888-8888-888888888888', '02a0f141-808d-537c-be89-2ba8418ecb4f', '柚子氣泡飲', '韓式柚子茶與氣泡水。', 90, ARRAY[]::text[], ARRAY[]::text[], 'active'),
  ('47bb7bd9-cf9f-57dd-b14b-f78c759ab9bf', 'a8888888-8888-8888-8888-888888888888', '1f7b55bc-39f5-5455-b1f8-b2fa22402c46', '追劇炸雞套餐', '半半炸雞、辣炒年糕、兩杯飲品。', 590, ARRAY['分享餐'], ARRAY[]::text[], 'active'),
  ('e230df1e-b843-5cc2-9ef4-3f3c1ddb9a87', 'a9999999-9999-9999-9999-999999999999', 'cf92836f-ebfb-54b6-a498-610e4674bcb4', '經典起司牛肉堡', '牛肉排、切達起司、酸黃瓜與特製醬。', 190, ARRAY['牛肉', '含乳'], ARRAY[]::text[], 'active'),
  ('2c8b0fae-87d2-5901-b02c-0129b75b533e', 'a9999999-9999-9999-9999-999999999999', 'cf92836f-ebfb-54b6-a498-610e4674bcb4', '辣味炸雞堡', '酥炸雞腿排、辣美乃滋與生菜。', 180, ARRAY['微辣', '含肉'], ARRAY[]::text[], 'active'),
  ('a056a9a0-5ef4-50af-b81a-2b889a2e612e', 'a9999999-9999-9999-9999-999999999999', '0be5c90d-6f58-5afe-bff5-36c416e7634f', '培根花生牛肉堡', '牛肉排、培根、花生醬與洋蔥圈。', 220, ARRAY['牛肉', '花生'], ARRAY[]::text[], 'active'),
  ('7ec61477-2ba6-5919-8d16-fcbdc02c3115', 'a9999999-9999-9999-9999-999999999999', '0be5c90d-6f58-5afe-bff5-36c416e7634f', '雙層牛肉堡', '雙牛肉排與雙起司，份量加倍。', 260, ARRAY['牛肉', '份量大'], ARRAY[]::text[], 'active'),
  ('a0d7a6c5-6fa3-5ef4-855d-28f3cb46666a', 'a9999999-9999-9999-9999-999999999999', '0be5c90d-6f58-5afe-bff5-36c416e7634f', '蘑菇瑞士起司堡', '炒蘑菇、瑞士起司與牛肉排。', 230, ARRAY['牛肉', '含乳'], ARRAY[]::text[], 'active'),
  ('62607c75-efb6-5160-a2ad-477ce1f3226c', 'a9999999-9999-9999-9999-999999999999', '0be5c90d-6f58-5afe-bff5-36c416e7634f', '酪梨雞胸堡', '嫩煎雞胸、酪梨泥與番茄。', 210, ARRAY['高蛋白'], ARRAY[]::text[], 'active'),
  ('28698f6c-76d1-59b4-b18c-ed441a5e0123', 'a9999999-9999-9999-9999-999999999999', '0be5c90d-6f58-5afe-bff5-36c416e7634f', '蔬食豆排堡', '黑豆蔬菜排與酪梨醬。', 190, ARRAY['素食'], ARRAY[]::text[], 'active'),
  ('767279ec-8b6e-57a3-868e-d765352e1b71', 'a9999999-9999-9999-9999-999999999999', 'd8b1cc50-30dd-522b-8427-96edfa7f1419', '酥炸脆薯', '美式粗薯條附番茄醬。', 85, ARRAY['素食'], ARRAY[]::text[], 'active'),
  ('bce73860-b502-52eb-8fb6-490d68ff2cf1', 'a9999999-9999-9999-9999-999999999999', 'd8b1cc50-30dd-522b-8427-96edfa7f1419', '松露起司薯條', '薯條、帕瑪森與松露醬。', 140, ARRAY['含乳'], ARRAY[]::text[], 'active'),
  ('cad567f3-50ac-57ef-b904-26214b87e769', 'a9999999-9999-9999-9999-999999999999', 'd8b1cc50-30dd-522b-8427-96edfa7f1419', '水牛城雞翅', '酸辣水牛城醬雞翅六支。', 180, ARRAY['中辣', '含肉'], ARRAY[]::text[], 'active'),
  ('6e9ca93d-292d-57f2-98da-ff369462fe5c', 'a9999999-9999-9999-9999-999999999999', 'd8b1cc50-30dd-522b-8427-96edfa7f1419', '洋蔥圈', '啤酒粉漿洋蔥圈。', 95, ARRAY['素食'], ARRAY[]::text[], 'active'),
  ('cc790a45-74d8-529b-8228-5de59e27750f', 'a9999999-9999-9999-9999-999999999999', 'd8b1cc50-30dd-522b-8427-96edfa7f1419', '凱薩沙拉', '蘿蔓、培根、麵包丁與凱薩醬。', 150, ARRAY['含肉'], ARRAY[]::text[], 'active'),
  ('e1bbb32f-7d23-5d9b-b57a-fac9ce4a7dfb', 'a9999999-9999-9999-9999-999999999999', '214bce43-21f6-5a4b-86b0-30ae7893d59e', '可樂', '經典氣泡飲。', 45, ARRAY[]::text[], ARRAY[]::text[], 'active'),
  ('d1b7f70d-1652-552d-874c-fd1fd4cec10a', 'a9999999-9999-9999-9999-999999999999', '214bce43-21f6-5a4b-86b0-30ae7893d59e', '香草奶昔', '香草冰淇淋與鮮奶。', 120, ARRAY['含乳'], ARRAY[]::text[], 'active'),
  ('d21d970f-c2a5-5172-8e7c-94b648d6dccb', 'a9999999-9999-9999-9999-999999999999', 'cf92836f-ebfb-54b6-a498-610e4674bcb4', '漢堡雙人套餐', '兩份漢堡、脆薯、雞翅與兩杯飲品。', 620, ARRAY['套餐'], ARRAY[]::text[], 'active'),
  ('45830778-2a15-553a-ac48-4d45b0afe925', 'aaaaaaaa-aaaa-aaaa-aaaa-aaaaaaaaaaaa', 'a0bf4cfb-4de1-5057-a1fc-260c4f12a5be', '瑪格麗特披薩', '番茄醬、莫札瑞拉、羅勒葉。', 260, ARRAY['蛋奶素'], ARRAY[]::text[], 'active'),
  ('8eccd188-f379-5bed-aaf8-42811ec827d4', 'aaaaaaaa-aaaa-aaaa-aaaa-aaaaaaaaaaaa', 'a0bf4cfb-4de1-5057-a1fc-260c4f12a5be', '奶油培根蛋黃麵', '培根、蛋黃、帕瑪森與奶油醬。', 240, ARRAY['含肉', '含乳'], ARRAY[]::text[], 'active'),
  ('dd46ad23-1d39-5828-837b-9e7e672aa63a', 'aaaaaaaa-aaaa-aaaa-aaaa-aaaaaaaaaaaa', '2822b2b9-be47-5570-97dc-8b35dc49fe68', '夏威夷披薩', '火腿、鳳梨與莫札瑞拉。', 280, ARRAY['含肉', '含乳'], ARRAY[]::text[], 'active'),
  ('83a887c4-4866-5105-a78d-d32e1b45e22d', 'aaaaaaaa-aaaa-aaaa-aaaa-aaaaaaaaaaaa', '2822b2b9-be47-5570-97dc-8b35dc49fe68', '辣味牛肉披薩', '牛絞肉、墨西哥辣椒與紅醬。', 320, ARRAY['牛肉', '中辣'], ARRAY[]::text[], 'active'),
  ('fb953514-d615-5869-a19e-91f028a25f3c', 'aaaaaaaa-aaaa-aaaa-aaaa-aaaaaaaaaaaa', '2822b2b9-be47-5570-97dc-8b35dc49fe68', '野菇松露披薩', '綜合野菇、松露醬與起司。', 330, ARRAY['蛋奶素'], ARRAY[]::text[], 'active'),
  ('c49c6710-c9ec-5819-b15f-6bb0a0e650b6', 'aaaaaaaa-aaaa-aaaa-aaaa-aaaaaaaaaaaa', '2822b2b9-be47-5570-97dc-8b35dc49fe68', '海鮮總匯披薩', '蝦仁、花枝、蛤蜊與紅醬。', 360, ARRAY['海鮮'], ARRAY[]::text[], 'active'),
  ('ddb4fff7-5e36-5795-b7e2-d6f4f27a29aa', 'aaaaaaaa-aaaa-aaaa-aaaa-aaaaaaaaaaaa', '2822b2b9-be47-5570-97dc-8b35dc49fe68', '四起司披薩', '藍紋、莫札瑞拉、切達與帕瑪森。', 340, ARRAY['含乳'], ARRAY[]::text[], 'active'),
  ('6f817366-a59d-56c2-a29b-fbc73954786a', 'aaaaaaaa-aaaa-aaaa-aaaa-aaaaaaaaaaaa', '9fb1f1fc-d9f9-5459-9116-50f05f34632b', '蒜辣清炒蛤蜊麵', '蛤蜊、蒜片、辣椒與白酒香氣。', 260, ARRAY['海鮮', '微辣'], ARRAY[]::text[], 'active'),
  ('ac28cf30-c2f0-5ca4-bec0-fc038d76816f', 'aaaaaaaa-aaaa-aaaa-aaaa-aaaaaaaaaaaa', '9fb1f1fc-d9f9-5459-9116-50f05f34632b', '番茄肉醬麵', '牛豬混合肉醬與番茄。', 230, ARRAY['含肉'], ARRAY[]::text[], 'active'),
  ('5cc8e637-68a8-5921-ad30-6c11b201e5a5', 'aaaaaaaa-aaaa-aaaa-aaaa-aaaaaaaaaaaa', '9fb1f1fc-d9f9-5459-9116-50f05f34632b', '青醬雞肉筆管麵', '羅勒青醬與嫩煎雞腿。', 250, ARRAY['含肉', '含乳'], ARRAY[]::text[], 'active'),
  ('504ab7ab-f565-5f5d-abf5-74c43e42cdde', 'aaaaaaaa-aaaa-aaaa-aaaa-aaaaaaaaaaaa', '9fb1f1fc-d9f9-5459-9116-50f05f34632b', '南瓜野菇燉飯', '南瓜泥、野菇與米型燉飯。', 240, ARRAY['蛋奶素'], ARRAY[]::text[], 'active'),
  ('5590e6ec-832d-5798-8893-9eebdfa91773', 'aaaaaaaa-aaaa-aaaa-aaaa-aaaaaaaaaaaa', '9fb1f1fc-d9f9-5459-9116-50f05f34632b', '焗烤海鮮通心粉', '白醬、海鮮與焗烤起司。', 280, ARRAY['海鮮', '含乳'], ARRAY[]::text[], 'active'),
  ('5552867e-051f-5d69-90b4-2598d02d720a', 'aaaaaaaa-aaaa-aaaa-aaaa-aaaaaaaaaaaa', '72e9a2d4-b524-5333-a4f8-f6bce7c22372', '義式油醋沙拉', '生菜、番茄、橄欖與油醋醬。', 140, ARRAY['素食'], ARRAY[]::text[], 'active'),
  ('7baa7cbf-dd89-5f0e-8e0c-4087f2705143', 'aaaaaaaa-aaaa-aaaa-aaaa-aaaaaaaaaaaa', '72e9a2d4-b524-5333-a4f8-f6bce7c22372', '提拉米蘇', '咖啡酒香手作提拉米蘇。', 130, ARRAY['含乳', '咖啡因'], ARRAY[]::text[], 'active'),
  ('7590929d-4486-500e-80e9-3b80c77a2643', 'aaaaaaaa-aaaa-aaaa-aaaa-aaaaaaaaaaaa', 'a0bf4cfb-4de1-5057-a1fc-260c4f12a5be', '披薩派對四人組', '兩份披薩、兩份義麵、沙拉與甜點。', 1280, ARRAY['分享餐'], ARRAY[]::text[], 'active')
ON CONFLICT (id) DO NOTHING;

-- Menu item images. Each store shares its representative photo under /brand/items/.
INSERT INTO menu_item_image (menu_item_id, blob_uri, alt, sort_order)
SELECT v.menu_item_id, v.blob_uri, v.alt, 0
FROM (VALUES
  ('4f26e612-b35f-5500-8f2a-63eded235675'::uuid, '__ASSET_BASE__/brand/items/i001.jpg', '炙燒雞腿便當 商品照'),
  ('66fc0909-6f31-57fd-90e0-97da3b574b73'::uuid, '__ASSET_BASE__/brand/items/i001.jpg', '古早味排骨便當 商品照'),
  ('2adf060e-5263-5ffe-ad6b-518339ffa080'::uuid, '__ASSET_BASE__/brand/items/i001.jpg', '椒麻雞便當 商品照'),
  ('79c78af9-6eef-574a-a4c4-89762e80836d'::uuid, '__ASSET_BASE__/brand/items/i001.jpg', '滷香控肉便當 商品照'),
  ('2219396d-c2f8-5917-944f-f8fdef476822'::uuid, '__ASSET_BASE__/brand/items/i001.jpg', '蒜泥白肉便當 商品照'),
  ('f1419a41-fce5-5da9-8371-19d139851cfd'::uuid, '__ASSET_BASE__/brand/items/i001.jpg', '鹽烤鯖魚便當 商品照'),
  ('0a1b226e-70c7-5fe5-a7bf-6854ecaca427'::uuid, '__ASSET_BASE__/brand/items/i001.jpg', '三杯杏鮑菇便當 商品照'),
  ('aa8a0dad-25a3-5b3e-a5b9-81660c7fddbf'::uuid, '__ASSET_BASE__/brand/items/i001.jpg', '雙拼雞排香腸便當 商品照'),
  ('08ac9403-0f86-5c8e-8e0c-9e451edf4c37'::uuid, '__ASSET_BASE__/brand/items/i001.jpg', '炙燒雞腿單點 商品照'),
  ('46507e93-30fd-521c-8795-0b68988dde65'::uuid, '__ASSET_BASE__/brand/items/i001.jpg', '酥炸排骨單點 商品照'),
  ('83e8c14e-31bb-5047-9135-4d38b8f9c8e6'::uuid, '__ASSET_BASE__/brand/items/i001.jpg', '每日例湯 商品照'),
  ('9e593f4c-4664-5465-aa9e-1b7dee26edd1'::uuid, '__ASSET_BASE__/brand/items/i001.jpg', '滷蛋 商品照'),
  ('398f47cb-d265-5f04-9644-77a1e9195473'::uuid, '__ASSET_BASE__/brand/items/i001.jpg', '燙青菜 商品照'),
  ('f8e1005f-477f-5524-a85d-6748936ece6a'::uuid, '__ASSET_BASE__/brand/items/i001.jpg', '黃金泡菜 商品照'),
  ('2732a4ea-21b3-5608-bfa2-5f1e871ee103'::uuid, '__ASSET_BASE__/brand/items/i001.jpg', '會議便當組合 商品照'),
  ('79722223-aa4b-5236-9964-9fcf0071c6ce'::uuid, '__ASSET_BASE__/brand/items/i016.jpg', '半熟蛋滷肉飯 商品照'),
  ('6723c5ee-99b4-554f-9637-7dc71554d6f3'::uuid, '__ASSET_BASE__/brand/items/i016.jpg', '招牌焢肉飯 商品照'),
  ('fe647660-c69a-5d4a-a4d9-cceebd93e14a'::uuid, '__ASSET_BASE__/brand/items/i016.jpg', '雞肉飯 商品照'),
  ('9ed2fae9-48d8-5257-a26b-f1a95dba7f53'::uuid, '__ASSET_BASE__/brand/items/i016.jpg', '瓜仔肉飯 商品照'),
  ('db14e607-c6e0-57fa-b77f-1b2fb3eab181'::uuid, '__ASSET_BASE__/brand/items/i016.jpg', '雙醬滷肉雞肉飯 商品照'),
  ('0e60192a-c9cc-5674-a70a-5b10eeb4b294'::uuid, '__ASSET_BASE__/brand/items/i016.jpg', '素香菇燥飯 商品照'),
  ('3dfb71fa-a95e-5707-9409-04edb3ec5414'::uuid, '__ASSET_BASE__/brand/items/i016.jpg', '切仔麵 商品照'),
  ('56b5a662-6dc9-5ef1-97af-57cf0bd1242a'::uuid, '__ASSET_BASE__/brand/items/i016.jpg', '貢丸湯 商品照'),
  ('06d66907-d981-5145-8e52-638f77656d04'::uuid, '__ASSET_BASE__/brand/items/i016.jpg', '四神湯 商品照'),
  ('50992dc1-8d2c-5cd4-80d9-7531031a693d'::uuid, '__ASSET_BASE__/brand/items/i016.jpg', '蛤蜊冬瓜湯 商品照'),
  ('2341386b-4231-5526-825e-2b713fc9eeb8'::uuid, '__ASSET_BASE__/brand/items/i016.jpg', '滷豆腐 商品照'),
  ('e13e0f8c-cd04-58e1-a234-bf5170a78601'::uuid, '__ASSET_BASE__/brand/items/i016.jpg', '滷白菜 商品照'),
  ('630f1ca0-b852-5f6c-b7a0-5dff8aabe416'::uuid, '__ASSET_BASE__/brand/items/i016.jpg', '蒜香嘴邊肉 商品照'),
  ('a6fd6179-5603-5434-bd2a-5118aba36a27'::uuid, '__ASSET_BASE__/brand/items/i016.jpg', '紅油抄手 商品照'),
  ('5aa0e32f-7a3e-514c-98d4-5b2d9c5e63a5'::uuid, '__ASSET_BASE__/brand/items/i016.jpg', '一人飽足套餐 商品照'),
  ('aeeb4dd3-c1c9-511e-a90d-31a06b4ee2ae'::uuid, '__ASSET_BASE__/brand/items/i031.jpg', '起司蛋餅 商品照'),
  ('e3f917be-c37c-5023-b478-17fa0fd2126a'::uuid, '__ASSET_BASE__/brand/items/i031.jpg', '燒餅油條 商品照'),
  ('88ae058b-8401-51a9-a288-7ba458713b8b'::uuid, '__ASSET_BASE__/brand/items/i031.jpg', '培根蛋餅 商品照'),
  ('65071741-64ba-5a31-be6f-6e24f5e3a911'::uuid, '__ASSET_BASE__/brand/items/i031.jpg', '玉米蛋餅 商品照'),
  ('e9fe376a-4063-5633-9c89-acf4296dd3fa'::uuid, '__ASSET_BASE__/brand/items/i031.jpg', '鮪魚蛋餅 商品照'),
  ('69b6d4dc-6d32-59d9-9ee6-6489a21047ee'::uuid, '__ASSET_BASE__/brand/items/i031.jpg', '蘿蔔糕加蛋 商品照'),
  ('887b65f7-196d-5328-be2e-acc5d3371cae'::uuid, '__ASSET_BASE__/brand/items/i031.jpg', '傳統飯糰 商品照'),
  ('da345759-4694-5c81-b611-b0fbf75dd64e'::uuid, '__ASSET_BASE__/brand/items/i031.jpg', '紫米素飯糰 商品照'),
  ('cb27e48d-657e-527b-8336-b21d3442b8d9'::uuid, '__ASSET_BASE__/brand/items/i031.jpg', '黑糖饅頭夾蛋 商品照'),
  ('e1139ccd-edd8-5721-8366-174fba934e76'::uuid, '__ASSET_BASE__/brand/items/i031.jpg', '鮮肉小籠包 商品照'),
  ('1adcf6bd-81cf-5483-b2a2-731ba1d261b5'::uuid, '__ASSET_BASE__/brand/items/i031.jpg', '冰豆漿 商品照'),
  ('2cb19f64-55bc-5b0b-a4b2-838ffafeecd2'::uuid, '__ASSET_BASE__/brand/items/i031.jpg', '熱米漿 商品照'),
  ('d62c49ba-c1e9-57e5-a366-44bda4e6c7a0'::uuid, '__ASSET_BASE__/brand/items/i031.jpg', '鹹豆漿 商品照'),
  ('0653061e-ff9c-57ea-8ba7-e3e9244e9c46'::uuid, '__ASSET_BASE__/brand/items/i031.jpg', '紅茶豆漿 商品照'),
  ('9295865d-fc98-5a4b-af6e-d7fab9ca4465'::uuid, '__ASSET_BASE__/brand/items/i031.jpg', '早餐雙人組 商品照'),
  ('75d6f27f-cbbb-50e8-bae1-828f4da0def0'::uuid, '__ASSET_BASE__/brand/items/i046.jpg', '花生培根牛肉堡 商品照'),
  ('df3e86df-d080-55fb-ba47-bc6ba9394d91'::uuid, '__ASSET_BASE__/brand/items/i046.jpg', '松露炒蛋厚吐司 商品照'),
  ('98e5390a-c659-5734-bb32-184105cef7af'::uuid, '__ASSET_BASE__/brand/items/i046.jpg', '炭烤雞腿厚吐司 商品照'),
  ('638fc0fc-2c77-5132-b835-c3e7edc9bc95'::uuid, '__ASSET_BASE__/brand/items/i046.jpg', '芋泥肉鬆厚吐司 商品照'),
  ('7d93c7e7-6f80-505d-b982-2e895f5fb38f'::uuid, '__ASSET_BASE__/brand/items/i046.jpg', '薯餅起司蛋吐司 商品照'),
  ('58ea39f8-5cb8-559b-8289-051ac7ab6077'::uuid, '__ASSET_BASE__/brand/items/i046.jpg', '鮪魚玉米吐司 商品照'),
  ('e3ee3638-8772-5196-8edd-fe1f19290171'::uuid, '__ASSET_BASE__/brand/items/i046.jpg', '香煎雞胸沙拉盤 商品照'),
  ('94d102b9-5597-5487-87f2-66d0eec616a6'::uuid, '__ASSET_BASE__/brand/items/i046.jpg', '酪梨鮭魚蛋盤 商品照'),
  ('ecb5475d-cf81-5c30-9f6b-dfd1ff9f20bf'::uuid, '__ASSET_BASE__/brand/items/i046.jpg', '野菇蔬食盤 商品照'),
  ('a7dceb37-a940-5c07-bc92-e6242b63d3cf'::uuid, '__ASSET_BASE__/brand/items/i046.jpg', '兒童小鬆餅盤 商品照'),
  ('06942c34-9e0a-5b77-b661-179eced1a442'::uuid, '__ASSET_BASE__/brand/items/i046.jpg', '冰美式 商品照'),
  ('c0670367-9a10-5933-bce1-da9325a75387'::uuid, '__ASSET_BASE__/brand/items/i046.jpg', '燕麥拿鐵 商品照'),
  ('2eb4e103-d987-5a7c-9359-d04ad87127a5'::uuid, '__ASSET_BASE__/brand/items/i046.jpg', '蜂蜜檸檬氣泡飲 商品照'),
  ('36285141-cd75-513a-887f-df4b177b8ac2'::uuid, '__ASSET_BASE__/brand/items/i046.jpg', '鮮奶茶 商品照'),
  ('9c6b0529-64fb-534d-a584-79a77af5cdf2'::uuid, '__ASSET_BASE__/brand/items/i046.jpg', '假日早午餐雙人組 商品照'),
  ('65fb52e2-fbff-5ac5-aa17-c6d3ae6ebf8c'::uuid, '__ASSET_BASE__/brand/items/i061.jpg', '黑糖珍珠鮮奶 商品照'),
  ('40e29852-896b-5f6f-9075-d14f4ad84754'::uuid, '__ASSET_BASE__/brand/items/i061.jpg', '鐵觀音奶茶 商品照'),
  ('4d9e8110-877c-5a2a-8c38-c33033ac8db8'::uuid, '__ASSET_BASE__/brand/items/i061.jpg', '四季春青茶 商品照'),
  ('8b940bf5-db8e-5389-a368-6b3fced51457'::uuid, '__ASSET_BASE__/brand/items/i061.jpg', '熟成紅茶 商品照'),
  ('cc61b456-9154-55da-967b-0d60827ee730'::uuid, '__ASSET_BASE__/brand/items/i061.jpg', '茉莉綠茶 商品照'),
  ('3df0c2d3-6858-58a3-bbc3-3ffd1443e3b1'::uuid, '__ASSET_BASE__/brand/items/i061.jpg', '冬瓜青茶 商品照'),
  ('276c842c-c999-5a63-8f54-b65b8452c793'::uuid, '__ASSET_BASE__/brand/items/i061.jpg', '珍珠奶茶 商品照'),
  ('e3583f1b-8589-5f95-9cf9-af26a479ae23'::uuid, '__ASSET_BASE__/brand/items/i061.jpg', '紅茶拿鐵 商品照'),
  ('5d979d76-bad7-5bb9-bff0-50418480be22'::uuid, '__ASSET_BASE__/brand/items/i061.jpg', '芋頭鮮奶西米露 商品照'),
  ('0241f671-c3b7-58ff-83b9-a6ec86b7c0f7'::uuid, '__ASSET_BASE__/brand/items/i061.jpg', '抹茶鮮奶 商品照'),
  ('29cc4eac-a8ed-59b0-8476-938fdd46eca0'::uuid, '__ASSET_BASE__/brand/items/i061.jpg', '百香雙響炮 商品照'),
  ('fe5daca9-1db1-5c86-9221-2ff4dd9b4a38'::uuid, '__ASSET_BASE__/brand/items/i061.jpg', '葡萄柚綠茶 商品照'),
  ('6f338bf4-49c1-5a5e-b617-c26233d5d413'::uuid, '__ASSET_BASE__/brand/items/i061.jpg', '檸檬愛玉 商品照'),
  ('41ab3b9d-ddb3-5695-876b-16e9ea37144a'::uuid, '__ASSET_BASE__/brand/items/i061.jpg', '芒果冰沙 商品照'),
  ('1443d775-1ff0-5e8c-a696-9164414ef723'::uuid, '__ASSET_BASE__/brand/items/i061.jpg', '辦公室 6 杯組 商品照'),
  ('36937842-6bd7-5bbc-b875-c784b8664535'::uuid, '__ASSET_BASE__/brand/items/i076.jpg', '綜合嫩豆花 商品照'),
  ('889c1452-ee71-556f-adcc-d9192e2d9f15'::uuid, '__ASSET_BASE__/brand/items/i076.jpg', '黑糖粉粿豆花 商品照'),
  ('59816514-02bf-551e-bc76-861f612cb330'::uuid, '__ASSET_BASE__/brand/items/i076.jpg', '花生豆花 商品照'),
  ('8df18218-a78f-580b-bec1-d2a072fc9eee'::uuid, '__ASSET_BASE__/brand/items/i076.jpg', '芋圓豆花 商品照'),
  ('8e9f8dcd-73e5-59ad-9d0f-6f2886cba3a0'::uuid, '__ASSET_BASE__/brand/items/i076.jpg', '仙草奶凍 商品照'),
  ('b6e9c182-b594-5112-98b9-e6bf7bcb0d16'::uuid, '__ASSET_BASE__/brand/items/i076.jpg', '紅豆薏仁湯 商品照'),
  ('da857569-7564-54e0-869f-3de869b0c545'::uuid, '__ASSET_BASE__/brand/items/i076.jpg', '芒果雪花冰 商品照'),
  ('97d139f3-154f-59a0-b527-2212d7144ca7'::uuid, '__ASSET_BASE__/brand/items/i076.jpg', '花生麻糬雪花冰 商品照'),
  ('919b53f4-607c-5312-8b50-54b675019816'::uuid, '__ASSET_BASE__/brand/items/i076.jpg', '宇治金時刨冰 商品照'),
  ('88868984-0e45-5d51-bb8c-517f9f5b85c2'::uuid, '__ASSET_BASE__/brand/items/i076.jpg', '檸檬愛玉冰 商品照'),
  ('61393e4e-9ef0-5869-addf-cb4ea1c1222a'::uuid, '__ASSET_BASE__/brand/items/i076.jpg', '冬瓜檸檬 商品照'),
  ('194438d6-9515-50fc-866c-2e8012953879'::uuid, '__ASSET_BASE__/brand/items/i076.jpg', '仙草甘茶 商品照'),
  ('a2b80e94-e08a-588b-9b1e-2be2bcd03187'::uuid, '__ASSET_BASE__/brand/items/i076.jpg', '紅豆鮮奶 商品照'),
  ('6cec39ca-2f9e-518f-9dd8-be897ef47321'::uuid, '__ASSET_BASE__/brand/items/i076.jpg', '桂花烏龍冷泡 商品照'),
  ('57072476-b117-5995-99b7-f13ed9ac5fa9'::uuid, '__ASSET_BASE__/brand/items/i076.jpg', '甜品三入分享組 商品照'),
  ('30788987-2010-5d5e-b6c3-8db4937829f4'::uuid, '__ASSET_BASE__/brand/items/i091.jpg', '豚骨叉燒拉麵 商品照'),
  ('57f6a4ec-9189-5ee8-8a09-c3cd18e36818'::uuid, '__ASSET_BASE__/brand/items/i091.jpg', '唐揚雞咖哩飯 商品照'),
  ('3de03889-ac00-535a-a857-1b800e683709'::uuid, '__ASSET_BASE__/brand/items/i091.jpg', '味噌玉米拉麵 商品照'),
  ('eac0c57b-71c2-57dd-800b-1fcab93ec0ad'::uuid, '__ASSET_BASE__/brand/items/i091.jpg', '辛味噌拉麵 商品照'),
  ('a60d9377-9935-56b2-a73f-a1b4d0db655f'::uuid, '__ASSET_BASE__/brand/items/i091.jpg', '醬油雞湯拉麵 商品照'),
  ('3f7e30e1-6ceb-51df-b12c-2851ec1cef13'::uuid, '__ASSET_BASE__/brand/items/i091.jpg', '野菜鹽味拉麵 商品照'),
  ('37c32135-f10e-596a-8c81-f9df1b8ff98a'::uuid, '__ASSET_BASE__/brand/items/i091.jpg', '炙燒叉燒丼 商品照'),
  ('527e0b18-84f2-5488-9d5b-0da70b2696c3'::uuid, '__ASSET_BASE__/brand/items/i091.jpg', '親子丼 商品照'),
  ('47238334-0298-5f7f-b16e-8430fb285913'::uuid, '__ASSET_BASE__/brand/items/i091.jpg', '牛五花丼 商品照'),
  ('d41a7a0e-ca93-58a4-8a4c-93dabac63399'::uuid, '__ASSET_BASE__/brand/items/i091.jpg', '蒲燒鯛魚丼 商品照'),
  ('4134295d-bc53-59e6-8974-a0ee77d3caa4'::uuid, '__ASSET_BASE__/brand/items/i091.jpg', '日式炸餃 商品照'),
  ('8e031beb-9aee-5eaa-9a10-3b49cc7b1403'::uuid, '__ASSET_BASE__/brand/items/i091.jpg', '唐揚雞 商品照'),
  ('600664cc-d7d2-5e7f-8849-a54da8f53005'::uuid, '__ASSET_BASE__/brand/items/i091.jpg', '溏心蛋 商品照'),
  ('aadbeb9e-a595-5946-bc83-e42a21ea403a'::uuid, '__ASSET_BASE__/brand/items/i091.jpg', '海帶芽沙拉 商品照'),
  ('68537934-848b-5626-b247-6352501ef165'::uuid, '__ASSET_BASE__/brand/items/i091.jpg', '拉麵雙人套餐 商品照'),
  ('a02c1bb9-08f5-5c5d-aebc-ba744250c960'::uuid, '__ASSET_BASE__/brand/items/i107.jpg', '牛肉石鍋拌飯 商品照'),
  ('f3d0db57-773a-53b4-a81b-d1e6fec4e335'::uuid, '__ASSET_BASE__/brand/items/i107.jpg', '半半炸雞 商品照'),
  ('2a2e1345-941b-52db-953e-55a0d7d1662d'::uuid, '__ASSET_BASE__/brand/items/i107.jpg', '豬肉泡菜鍋 商品照'),
  ('217885f7-47a0-5201-8e5c-6667111be2c2'::uuid, '__ASSET_BASE__/brand/items/i107.jpg', '起司辣炒年糕 商品照'),
  ('96332c4c-15ed-53c5-a793-6d4f12cc93a5'::uuid, '__ASSET_BASE__/brand/items/i107.jpg', '雞肉拌飯 商品照'),
  ('891b009c-acec-5d76-a71e-e1bd5950cd67'::uuid, '__ASSET_BASE__/brand/items/i107.jpg', '菇菇蔬食拌飯 商品照'),
  ('7d69a998-b39c-5601-a97a-a23ec6d59169'::uuid, '__ASSET_BASE__/brand/items/i107.jpg', '原味脆皮炸雞 商品照'),
  ('2d33e227-9b71-5f04-be85-c2a991e7cd25'::uuid, '__ASSET_BASE__/brand/items/i107.jpg', '蜂蜜蒜香炸雞 商品照'),
  ('91390bec-860e-5c19-8713-40d761b1cf15'::uuid, '__ASSET_BASE__/brand/items/i107.jpg', '辣醬炸雞 商品照'),
  ('3b720670-9de1-583c-9f8f-45e99a0e69c0'::uuid, '__ASSET_BASE__/brand/items/i107.jpg', '無骨炸雞杯 商品照'),
  ('19397dcc-6ca4-5602-a6b0-9660bc4f5a2c'::uuid, '__ASSET_BASE__/brand/items/i107.jpg', '韓式泡菜 商品照'),
  ('f66bbc1f-4886-5e2c-8431-afb8a66442d2'::uuid, '__ASSET_BASE__/brand/items/i107.jpg', '海苔飯捲 商品照'),
  ('401d6c4a-ee16-50d2-ab47-095f9a271cca'::uuid, '__ASSET_BASE__/brand/items/i107.jpg', '魚板湯 商品照'),
  ('6fc5fd6f-fc75-5d44-ad9c-ca994aaaf10d'::uuid, '__ASSET_BASE__/brand/items/i107.jpg', '柚子氣泡飲 商品照'),
  ('47bb7bd9-cf9f-57dd-b14b-f78c759ab9bf'::uuid, '__ASSET_BASE__/brand/items/i107.jpg', '追劇炸雞套餐 商品照'),
  ('e230df1e-b843-5cc2-9ef4-3f3c1ddb9a87'::uuid, '__ASSET_BASE__/brand/items/i121.jpg', '經典起司牛肉堡 商品照'),
  ('2c8b0fae-87d2-5901-b02c-0129b75b533e'::uuid, '__ASSET_BASE__/brand/items/i121.jpg', '辣味炸雞堡 商品照'),
  ('a056a9a0-5ef4-50af-b81a-2b889a2e612e'::uuid, '__ASSET_BASE__/brand/items/i121.jpg', '培根花生牛肉堡 商品照'),
  ('7ec61477-2ba6-5919-8d16-fcbdc02c3115'::uuid, '__ASSET_BASE__/brand/items/i121.jpg', '雙層牛肉堡 商品照'),
  ('a0d7a6c5-6fa3-5ef4-855d-28f3cb46666a'::uuid, '__ASSET_BASE__/brand/items/i121.jpg', '蘑菇瑞士起司堡 商品照'),
  ('62607c75-efb6-5160-a2ad-477ce1f3226c'::uuid, '__ASSET_BASE__/brand/items/i121.jpg', '酪梨雞胸堡 商品照'),
  ('28698f6c-76d1-59b4-b18c-ed441a5e0123'::uuid, '__ASSET_BASE__/brand/items/i121.jpg', '蔬食豆排堡 商品照'),
  ('767279ec-8b6e-57a3-868e-d765352e1b71'::uuid, '__ASSET_BASE__/brand/items/i121.jpg', '酥炸脆薯 商品照'),
  ('bce73860-b502-52eb-8fb6-490d68ff2cf1'::uuid, '__ASSET_BASE__/brand/items/i121.jpg', '松露起司薯條 商品照'),
  ('cad567f3-50ac-57ef-b904-26214b87e769'::uuid, '__ASSET_BASE__/brand/items/i121.jpg', '水牛城雞翅 商品照'),
  ('6e9ca93d-292d-57f2-98da-ff369462fe5c'::uuid, '__ASSET_BASE__/brand/items/i121.jpg', '洋蔥圈 商品照'),
  ('cc790a45-74d8-529b-8228-5de59e27750f'::uuid, '__ASSET_BASE__/brand/items/i121.jpg', '凱薩沙拉 商品照'),
  ('e1bbb32f-7d23-5d9b-b57a-fac9ce4a7dfb'::uuid, '__ASSET_BASE__/brand/items/i121.jpg', '可樂 商品照'),
  ('d1b7f70d-1652-552d-874c-fd1fd4cec10a'::uuid, '__ASSET_BASE__/brand/items/i121.jpg', '香草奶昔 商品照'),
  ('d21d970f-c2a5-5172-8e7c-94b648d6dccb'::uuid, '__ASSET_BASE__/brand/items/i121.jpg', '漢堡雙人套餐 商品照'),
  ('45830778-2a15-553a-ac48-4d45b0afe925'::uuid, '__ASSET_BASE__/brand/items/i136.jpg', '瑪格麗特披薩 商品照'),
  ('8eccd188-f379-5bed-aaf8-42811ec827d4'::uuid, '__ASSET_BASE__/brand/items/i136.jpg', '奶油培根蛋黃麵 商品照'),
  ('dd46ad23-1d39-5828-837b-9e7e672aa63a'::uuid, '__ASSET_BASE__/brand/items/i136.jpg', '夏威夷披薩 商品照'),
  ('83a887c4-4866-5105-a78d-d32e1b45e22d'::uuid, '__ASSET_BASE__/brand/items/i136.jpg', '辣味牛肉披薩 商品照'),
  ('fb953514-d615-5869-a19e-91f028a25f3c'::uuid, '__ASSET_BASE__/brand/items/i136.jpg', '野菇松露披薩 商品照'),
  ('c49c6710-c9ec-5819-b15f-6bb0a0e650b6'::uuid, '__ASSET_BASE__/brand/items/i136.jpg', '海鮮總匯披薩 商品照'),
  ('ddb4fff7-5e36-5795-b7e2-d6f4f27a29aa'::uuid, '__ASSET_BASE__/brand/items/i136.jpg', '四起司披薩 商品照'),
  ('6f817366-a59d-56c2-a29b-fbc73954786a'::uuid, '__ASSET_BASE__/brand/items/i136.jpg', '蒜辣清炒蛤蜊麵 商品照'),
  ('ac28cf30-c2f0-5ca4-bec0-fc038d76816f'::uuid, '__ASSET_BASE__/brand/items/i136.jpg', '番茄肉醬麵 商品照'),
  ('5cc8e637-68a8-5921-ad30-6c11b201e5a5'::uuid, '__ASSET_BASE__/brand/items/i136.jpg', '青醬雞肉筆管麵 商品照'),
  ('504ab7ab-f565-5f5d-abf5-74c43e42cdde'::uuid, '__ASSET_BASE__/brand/items/i136.jpg', '南瓜野菇燉飯 商品照'),
  ('5590e6ec-832d-5798-8893-9eebdfa91773'::uuid, '__ASSET_BASE__/brand/items/i136.jpg', '焗烤海鮮通心粉 商品照'),
  ('5552867e-051f-5d69-90b4-2598d02d720a'::uuid, '__ASSET_BASE__/brand/items/i136.jpg', '義式油醋沙拉 商品照'),
  ('7baa7cbf-dd89-5f0e-8e0c-4087f2705143'::uuid, '__ASSET_BASE__/brand/items/i136.jpg', '提拉米蘇 商品照'),
  ('7590929d-4486-500e-80e9-3b80c77a2643'::uuid, '__ASSET_BASE__/brand/items/i136.jpg', '披薩派對四人組 商品照')
) AS v(menu_item_id, blob_uri, alt)
WHERE NOT EXISTS (
  SELECT 1 FROM menu_item_image mii
  WHERE mii.menu_item_id = v.menu_item_id AND mii.blob_uri = v.blob_uri
);

-- Meal supply: today + next 6 days for every active item (150 x 7 = 1050 rows).
INSERT INTO meal_supply (menu_item_id, supply_date, capacity, remain, pickup_window, eta_label, cutoff_at)
SELECT
  mi.id,
  d::date AS supply_date,
  80 AS capacity,
  80 AS remain,
  '11:50-12:10' AS pickup_window,
  '11:50-12:10' AS eta_label,
  (d::date + INTERVAL '17 hours')::timestamptz AS cutoff_at
FROM
  menu_item mi
  CROSS JOIN generate_series(CURRENT_DATE, CURRENT_DATE + INTERVAL '6 days', INTERVAL '1 day') AS d
WHERE mi.status = 'active'
ON CONFLICT (menu_item_id, supply_date) DO NOTHING;

-- Mirror Authentik dev merchant operator accounts (one per vendor).
INSERT INTO vendor_operator_account (vendor_id, email, display_name, provider, status, last_synced_at)
VALUES
  ('a1111111-1111-1111-1111-111111111111', 'e2e-merchant@tbite.test', 'E2E Merchant', 'authentik', 'active', now()),
  ('a2222222-2222-2222-2222-222222222222', 'merchant-r002@tbite.test', '巷口滷肉飯研究室', 'authentik', 'active', now()),
  ('a3333333-3333-3333-3333-333333333333', 'merchant-r003@tbite.test', '永春豆漿早餐鋪', 'authentik', 'active', now()),
  ('a4444444-4444-4444-4444-444444444444', 'merchant-r004@tbite.test', '晨光吐司研究所', 'authentik', 'active', now()),
  ('a5555555-5555-5555-5555-555555555555', 'merchant-r005@tbite.test', '茶里王手作茶飲', 'authentik', 'active', now()),
  ('a6666666-6666-6666-6666-666666666666', 'merchant-r006@tbite.test', '島嶼豆花甜品', 'authentik', 'active', now()),
  ('a7777777-7777-7777-7777-777777777777', 'merchant-r007@tbite.test', '東京一番拉麵屋', 'authentik', 'active', now()),
  ('a8888888-8888-8888-8888-888888888888', 'merchant-r008@tbite.test', '首爾拌飯與炸雞', 'authentik', 'active', now()),
  ('a9999999-9999-9999-9999-999999999999', 'merchant-r009@tbite.test', '美式街角漢堡', 'authentik', 'active', now()),
  ('aaaaaaaa-aaaa-aaaa-aaaa-aaaaaaaaaaaa', 'merchant-r010@tbite.test', '巷弄披薩義麵館', 'authentik', 'active', now())
ON CONFLICT (vendor_id, email) DO NOTHING;

COMMIT;
